pokedex_number,name,japanese_name,classfication,attack,defense,hp,percentage_male,sp_attack,sp_defense,speed,type1,type2,height_m,weight_kg,generation,is_legendary
1,Bulbasaur,Fushigidaneフシギダネ,Seed Pokémon,49,49,45,88.1,65,65,45,grass,poison,0.7,6.9,1,0
2,Ivysaur,Fushigisouフシギソウ,Seed Pokémon,62,63,60,88.1,80,80,60,grass,poison,1,13,1,0
3,Venusaur,Fushigibanaフシギバナ,Seed Pokémon,100,123,80,88.1,122,120,80,grass,poison,2,100,1,0
4,Charmander,Hitokageヒトカゲ,Lizard Pokémon,52,43,39,88.1,60,50,65,fire,,0.6,8.5,1,0
5,Charmeleon,Lizardoリザード,Flame Pokémon,64,58,58,88.1,80,65,80,fire,,1.1,19,1,0
6,Charizard,Lizardonリザードン,Flame Pokémon,104,78,78,88.1,159,115,100,fire,flying,1.7,90.5,1,0
7,Squirtle,Zenigameゼニガメ,Tiny Turtle Pokémon,48,65,44,88.1,50,64,43,water,,0.5,9,1,0
8,Wartortle,Kameilカメール,Turtle Pokémon,63,80,59,88.1,65,80,58,water,,1,22.5,1,0
9,Blastoise,Kamexカメックス,Shellfish Pokémon,103,120,79,88.1,135,115,78,water,,1.6,85.5,1,0
10,Caterpie,Caterpieキャタピー,Worm Pokémon,30,35,45,50,20,20,45,bug,,0.3,2.9,1,0
11,Metapod,Transelトランセル,Cocoon Pokémon,20,55,50,50,25,25,30,bug,,0.7,9.9,1,0
12,Butterfree,Butterfreeバタフリー,Butterfly Pokémon,45,50,60,50,90,80,70,bug,flying,1.1,32,1,0
13,Weedle,Beedleビードル,Hairy Pokémon,35,30,40,50,20,20,50,bug,poison,0.3,3.2,1,0
14,Kakuna,Cocoonコクーン,Cocoon Pokémon,25,50,45,50,25,25,35,bug,poison,0.6,10,1,0
15,Beedrill,Spearスピアー,Poison Bee Pokémon,150,40,65,50,15,80,145,bug,poison,1,29.5,1,0
16,Pidgey,Poppoポッポ,Tiny Bird Pokémon,45,40,40,50,35,35,56,normal,flying,0.3,1.8,1,0
17,Pidgeotto,Pigeonピジョン,Bird Pokémon,60,55,63,50,50,50,71,normal,flying,1.1,30,1,0
18,Pidgeot,Pigeotピジョット,Bird Pokémon,80,80,83,50,135,80,121,normal,flying,1.5,39.5,1,0
19,Rattata,Korattaコラッタ,Mouse Pokémon,56,35,30,50,25,35,72,normal,dark,,,1,0
20,Raticate,Rattaラッタ,Mouse Pokémon,71,70,75,50,40,80,77,normal,dark,,,1,0
21,Spearow,Onisuzumeオニスズメ,Tiny Bird Pokémon,60,30,40,50,31,31,70,normal,flying,0.3,2,1,0
22,Fearow,Onidrillオニドリル,Beak Pokémon,90,65,65,50,61,61,100,normal,flying,1.2,38,1,0
23,Ekans,Arboアーボ,Snake Pokémon,60,44,35,50,40,54,55,poison,,2,6.9,1,0
24,Arbok,Arbokアーボック,Cobra Pokémon,95,69,60,50,65,79,80,poison,,3.5,65,1,0
25,Pikachu,Pikachuピカチュウ,Mouse Pokémon,55,40,35,50,50,50,90,electric,,0.4,6,1,0
26,Raichu,Raichuライチュウ,Mouse Pokémon,85,50,60,50,95,85,110,electric,electric,,,1,0
27,Sandshrew,Sandサンド,Mouse Pokémon,75,90,50,50,10,35,40,ground,ice,,,1,0
28,Sandslash,Sandpanサンドパン,Mouse Pokémon,100,120,75,50,25,65,65,ground,ice,,,1,0
29,Nidoran♀,Nidoran?ニドラン♀,Poison Pin Pokémon,47,52,55,0,40,40,41,poison,,0.4,7,1,0
30,Nidorina,Nidorinaニドリーナ,Poison Pin Pokémon,62,67,70,0,55,55,56,poison,,0.8,20,1,0
31,Nidoqueen,Nidoqueenニドクイン,Drill Pokémon,92,87,90,0,75,85,76,poison,ground,1.3,60,1,0
32,Nidoran♂,Nidoran?ニドラン♂,Poison Pin Pokémon,57,40,46,100,40,40,50,poison,,0.5,9,1,0
33,Nidorino,Nidorinoニドリーノ,Poison Pin Pokémon,72,57,61,100,55,55,65,poison,,0.9,19.5,1,0
34,Nidoking,Nidokingニドキング,Drill Pokémon,102,77,81,100,85,75,85,poison,ground,1.4,62,1,0
35,Clefairy,Pippiピッピ,Fairy Pokémon,45,48,70,24.6,60,65,35,fairy,,0.6,7.5,1,0
36,Clefable,Pixyピクシー,Fairy Pokémon,70,73,95,24.6,95,90,60,fairy,,1.3,40,1,0
37,Vulpix,Rokonロコン,Fox Pokémon,41,40,38,24.6,50,65,65,fire,ice,,,1,0
38,Ninetales,Kyukonキュウコン,Fox Pokémon,67,75,73,24.6,81,100,109,fire,ice,,,1,0
39,Jigglypuff,Purinプリン,Balloon Pokémon,45,20,115,24.6,45,25,20,normal,fairy,0.5,5.5,1,0
40,Wigglytuff,Pukurinプクリン,Balloon Pokémon,70,45,140,24.6,85,50,45,normal,fairy,1,12,1,0
41,Zubat,Zubatズバット,Bat Pokémon,45,35,40,50,30,40,55,poison,flying,0.8,7.5,1,0
42,Golbat,Golbatゴルバット,Bat Pokémon,80,70,75,50,65,75,90,poison,flying,1.6,55,1,0
43,Oddish,Nazonokusaナゾノクサ,Weed Pokémon,50,55,45,50,75,65,30,grass,poison,0.5,5.4,1,0
44,Gloom,Kusaihanaクサイハナ,Weed Pokémon,65,70,60,50,85,75,40,grass,poison,0.8,8.6,1,0
45,Vileplume,Ruffresiaラフレシア,Flower Pokémon,80,85,75,50,110,90,50,grass,poison,1.2,18.6,1,0
46,Paras,Parasパラス,Mushroom Pokémon,70,55,35,50,45,55,25,bug,grass,0.3,5.4,1,0
47,Parasect,Parasectパラセクト,Mushroom Pokémon,95,80,60,50,60,80,30,bug,grass,1,29.5,1,0
48,Venonat,Kongpangコンパン,Insect Pokémon,55,50,60,50,40,55,45,bug,poison,1,30,1,0
49,Venomoth,Morphonモルフォン,Poison Moth Pokémon,65,60,70,50,90,75,90,bug,poison,1.5,12.5,1,0
50,Diglett,Digdaディグダ,Mole Pokémon,55,30,10,50,35,45,90,ground,ground,,,1,0
51,Dugtrio,Dugtrioダグトリオ,Mole Pokémon,100,60,35,50,50,70,110,ground,ground,,,1,0
52,Meowth,Nyarthニャース,Scratch Cat Pokémon,35,35,40,50,50,40,90,normal,dark,,,1,0
53,Persian,Persianペルシアン,Classy Cat Pokémon,60,60,65,50,75,65,115,normal,dark,,,1,0
54,Psyduck,Koduckコダック,Duck Pokémon,52,48,50,50,65,50,55,water,,0.8,19.6,1,0
55,Golduck,Golduckゴルダック,Duck Pokémon,82,78,80,50,95,80,85,water,,1.7,76.6,1,0
56,Mankey,Mankeyマンキー,Pig Monkey Pokémon,80,35,40,50,35,45,70,fighting,,0.5,28,1,0
57,Primeape,Okorizaruオコリザル,Pig Monkey Pokémon,105,60,65,50,60,70,95,fighting,,1,32,1,0
58,Growlithe,Gardieガーディ,Puppy Pokémon,70,45,55,75.4,70,50,60,fire,,0.7,19,1,0
59,Arcanine,Windieウインディ,Legendary Pokémon,110,80,90,75.4,100,80,95,fire,,1.9,155,1,0
60,Poliwag,Nyoromoニョロモ,Tadpole Pokémon,50,40,40,50,40,40,90,water,,0.6,12.4,1,0
61,Poliwhirl,Nyorozoニョロゾ,Tadpole Pokémon,65,65,65,50,50,50,90,water,,1,20,1,0
62,Poliwrath,Nyorobonニョロボン,Tadpole Pokémon,95,95,90,50,70,90,70,water,fighting,1.3,54,1,0
63,Abra,Caseyケーシィ,Psi Pokémon,20,15,25,75.4,105,55,90,psychic,,0.9,19.5,1,0
64,Kadabra,Yungererユンゲラー,Psi Pokémon,35,30,40,75.4,120,70,105,psychic,,1.3,56.5,1,0
65,Alakazam,Foodinフーディン,Psi Pokémon,50,65,55,75.4,175,105,150,psychic,,1.5,48,1,0
66,Machop,Wanrikyワンリキー,Superpower Pokémon,80,50,70,75.4,35,35,35,fighting,,0.8,19.5,1,0
67,Machoke,Gorikyゴーリキー,Superpower Pokémon,100,70,80,75.4,50,60,45,fighting,,1.5,70.5,1,0
68,Machamp,Kairikyカイリキー,Superpower Pokémon,130,80,90,75.4,65,85,55,fighting,,1.6,130,1,0
69,Bellsprout,Madatsubomiマダツボミ,Flower Pokémon,75,35,50,50,70,30,40,grass,poison,0.7,4,1,0
70,Weepinbell,Utsudonウツドン,Flycatcher Pokémon,90,50,65,50,85,45,55,grass,poison,1,6.4,1,0
71,Victreebel,Utsubotウツボット,Flycatcher Pokémon,105,65,80,50,100,70,70,grass,poison,1.7,15.5,1,0
72,Tentacool,Menokurageメノクラゲ,Jellyfish Pokémon,40,35,40,50,50,100,70,water,poison,0.9,45.5,1,0
73,Tentacruel,Dokukurageドククラゲ,Jellyfish Pokémon,70,65,80,50,80,120,100,water,poison,1.6,55,1,0
74,Geodude,Isitsubuteイシツブテ,Rock Pokémon,80,100,40,50,30,30,20,rock,ground,,,1,0
75,Graveler,Goloneゴローン,Rock Pokémon,95,115,55,50,45,45,35,rock,ground,,,1,0
76,Golem,Golonyaゴローニャ,Megaton Pokémon,120,130,80,50,55,65,45,rock,ground,,,1,0
77,Ponyta,Ponytaポニータ,Fire Horse Pokémon,85,55,50,50,65,65,90,fire,,1,30,1,0
78,Rapidash,Gallopギャロップ,Fire Horse Pokémon,100,70,65,50,80,80,105,fire,,1.7,95,1,0
79,Slowpoke,Yadonヤドン,Dopey Pokémon,65,65,90,50,40,40,15,water,psychic,1.2,36,1,0
80,Slowbro,Yadoranヤドラン,Hermit Crab Pokémon,75,180,95,50,130,80,30,water,psychic,1.6,78.5,1,0
81,Magnemite,Coilコイル,Magnet Pokémon,35,70,25,,95,55,45,electric,steel,0.3,6,1,0
82,Magneton,Rarecoilレアコイル,Magnet Pokémon,60,95,50,,120,70,70,electric,steel,1,60,1,0
83,Farfetch'd,Kamonegiカモネギ,Wild Duck Pokémon,90,55,52,50,58,62,60,normal,flying,0.8,15,1,0
84,Doduo,Dodoドードー,Twin Bird Pokémon,85,45,35,50,35,35,75,normal,flying,1.4,39.2,1,0
85,Dodrio,Dodorioドードリオ,Triple Bird Pokémon,110,70,60,50,60,60,110,normal,flying,1.8,85.2,1,0
86,Seel,Pawouパウワウ,Sea Lion Pokémon,45,55,65,50,45,70,45,water,,1.1,90,1,0
87,Dewgong,Jugonジュゴン,Sea Lion Pokémon,70,80,90,50,70,95,70,water,ice,1.7,120,1,0
88,Grimer,Betbeterベトベター,Sludge Pokémon,80,50,80,50,40,50,25,poison,poison,,,1,0
89,Muk,Betbetonベトベトン,Sludge Pokémon,105,75,105,50,65,100,50,poison,poison,,,1,0
90,Shellder,Shellderシェルダー,Bivalve Pokémon,65,100,30,50,45,25,40,water,,0.3,4,1,0
91,Cloyster,Parshenパルシェン,Bivalve Pokémon,95,180,50,50,85,45,70,water,ice,1.5,132.5,1,0
92,Gastly,Ghosゴース,Gas Pokémon,35,30,30,50,100,35,80,ghost,poison,1.3,0.1,1,0
93,Haunter,Ghostゴースト,Gas Pokémon,50,45,45,50,115,55,95,ghost,poison,1.6,0.1,1,0
94,Gengar,Gangarゲンガー,Shadow Pokémon,65,80,60,50,170,95,130,ghost,poison,1.5,40.5,1,0
95,Onix,Iwarkイワーク,Rock Snake Pokémon,45,160,35,50,30,45,70,rock,ground,8.8,210,1,0
96,Drowzee,Sleepeスリープ,Hypnosis Pokémon,48,45,60,50,43,90,42,psychic,,1,32.4,1,0
97,Hypno,Sleeperスリーパー,Hypnosis Pokémon,73,70,85,50,73,115,67,psychic,,1.6,75.6,1,0
98,Krabby,Crabクラブ,River Crab Pokémon,105,90,30,50,25,25,50,water,,0.4,6.5,1,0
99,Kingler,Kinglerキングラー,Pincer Pokémon,130,115,55,50,50,50,75,water,,1.3,60,1,0
100,Voltorb,Biriridamaビリリダマ,Ball Pokémon,30,50,40,,55,55,100,electric,,0.5,10.4,1,0
101,Electrode,Marumineマルマイン,Ball Pokémon,50,70,60,,80,80,150,electric,,1.2,66.6,1,0
102,Exeggcute,Tamatamaタマタマ,Egg Pokémon,40,80,60,50,60,45,40,grass,psychic,0.4,2.5,1,0
103,Exeggutor,Nassyナッシー,Coconut Pokémon,105,85,95,50,125,75,45,grass,psychic,,,1,0
104,Cubone,Karakaraカラカラ,Lonely Pokémon,50,95,50,50,40,50,35,ground,,0.4,6.5,1,0
105,Marowak,Garagaraガラガラ,Bone Keeper Pokémon,80,110,60,50,50,80,45,ground,fire,,,1,0
106,Hitmonlee,Sawamularサワムラー,Kicking Pokémon,120,53,50,100,35,110,87,fighting,,1.5,49.8,1,0
107,Hitmonchan,Ebiwalarエビワラー,Punching Pokémon,105,79,50,100,35,110,76,fighting,,1.4,50.2,1,0
108,Lickitung,Beroringaベロリンガ,Licking Pokémon,55,75,90,50,60,75,30,normal,,1.2,65.5,1,0
109,Koffing,Dogarsドガース,Poison Gas Pokémon,65,95,40,50,60,45,35,poison,,0.6,1,1,0
110,Weezing,Matadogasマタドガス,Poison Gas Pokémon,90,120,65,50,85,70,60,poison,,1.2,9.5,1,0
111,Rhyhorn,Sihornサイホーン,Spikes Pokémon,85,95,80,50,30,30,25,ground,rock,1,115,1,0
112,Rhydon,Sidonサイドン,Drill Pokémon,130,120,105,50,45,45,40,ground,rock,1.9,120,1,0
113,Chansey,Luckyラッキー,Egg Pokémon,5,5,250,0,35,105,50,normal,,1.1,34.6,1,0
114,Tangela,Monjaraモンジャラ,Vine Pokémon,55,115,65,50,100,40,60,grass,,1,35,1,0
115,Kangaskhan,Garuraガルーラ,Parent Pokémon,125,100,105,0,60,100,100,normal,,2.2,80,1,0
116,Horsea,Tattuタッツー,Dragon Pokémon,40,70,30,50,70,25,60,water,,0.4,8,1,0
117,Seadra,Seadraシードラ,Dragon Pokémon,65,95,55,50,95,45,85,water,,1.2,25,1,0
118,Goldeen,Tosakintoトサキント,Goldfish Pokémon,67,60,45,50,35,50,63,water,,0.6,15,1,0
119,Seaking,Azumaoアズマオウ,Goldfish Pokémon,92,65,80,50,65,80,68,water,,1.3,39,1,0
120,Staryu,Hitodemanヒトデマン,Starshape Pokémon,45,55,30,,70,55,85,water,,0.8,34.5,1,0
121,Starmie,Starmieスターミー,Mysterious Pokémon,75,85,60,,100,85,115,water,psychic,1.1,80,1,0
122,Mr. Mime,Barrierdバリヤード,Barrier Pokémon,45,65,40,50,100,120,90,psychic,fairy,1.3,54.5,1,0
123,Scyther,Strikeストライク,Mantis Pokémon,110,80,70,50,55,80,105,bug,flying,1.5,56,1,0
124,Jynx,Rougelaルージュラ,Humanshape Pokémon,50,35,65,0,115,95,95,ice,psychic,1.4,40.6,1,0
125,Electabuzz,Elebooエレブー,Electric Pokémon,83,57,65,75.4,95,85,105,electric,,1.1,30,1,0
126,Magmar,Booberブーバー,Spitfire Pokémon,95,57,65,75.4,100,85,93,fire,,1.3,44.5,1,0
127,Pinsir,Kailiosカイロス,Stagbeetle Pokémon,155,120,65,50,65,90,105,bug,,1.5,55,1,0
128,Tauros,Kentaurosケンタロス,Wild Bull Pokémon,100,95,75,100,40,70,110,normal,,1.4,88.4,1,0
129,Magikarp,Koikingコイキング,Fish Pokémon,10,55,20,50,15,20,80,water,,0.9,10,1,0
130,Gyarados,Gyaradosギャラドス,Atrocious Pokémon,155,109,95,50,70,130,81,water,flying,6.5,235,1,0
131,Lapras,Laplaceラプラス,Transport Pokémon,85,80,130,50,85,95,60,water,ice,2.5,220,1,0
132,Ditto,Metamonメタモン,Transform Pokémon,48,48,48,,48,48,48,normal,,0.3,4,1,0
133,Eevee,Eievuiイーブイ,Evolution Pokémon,55,50,55,88.1,45,65,55,normal,,0.3,6.5,1,0
134,Vaporeon,Showersシャワーズ,Bubble Jet Pokémon,65,60,130,88.1,110,95,65,water,,1,29,1,0
135,Jolteon,Thundersサンダース,Lightning Pokémon,65,60,65,88.1,110,95,130,electric,,0.8,24.5,1,0
136,Flareon,Boosterブースター,Flame Pokémon,130,60,65,88.1,95,110,65,fire,,0.9,25,1,0
137,Porygon,Porygonポリゴン,Virtual Pokémon,60,70,65,,85,75,40,normal,,0.8,36.5,1,0
138,Omanyte,Omniteオムナイト,Spiral Pokémon,40,100,35,88.1,90,55,35,rock,water,0.4,7.5,1,0
139,Omastar,Omstarオムスター,Spiral Pokémon,60,125,70,88.1,115,70,55,rock,water,1,35,1,0
140,Kabuto,Kabutoカブト,Shellfish Pokémon,80,90,30,88.1,55,45,55,rock,water,0.5,11.5,1,0
141,Kabutops,Kabutopsカブトプス,Shellfish Pokémon,115,105,60,88.1,65,70,80,rock,water,1.3,40.5,1,0
142,Aerodactyl,Pteraプテラ,Fossil Pokémon,135,85,80,88.1,70,95,150,rock,flying,1.8,59,1,0
143,Snorlax,Kabigonカビゴン,Sleeping Pokémon,110,65,160,88.1,65,110,30,normal,,2.1,460,1,0
144,Articuno,Freezerフリーザー,Freeze Pokémon,85,100,90,,95,125,85,ice,flying,1.7,55.4,1,1
145,Zapdos,Thunderサンダー,Electric Pokémon,90,85,90,,125,90,100,electric,flying,1.6,52.6,1,1
146,Moltres,Fireファイヤー,Flame Pokémon,100,90,90,,125,85,90,fire,flying,2,60,1,1
147,Dratini,Miniryuミニリュウ,Dragon Pokémon,64,45,41,50,50,50,50,dragon,,1.8,3.3,1,0
148,Dragonair,Hakuryuハクリュー,Dragon Pokémon,84,65,61,50,70,70,70,dragon,,4,16.5,1,0
149,Dragonite,Kairyuカイリュー,Dragon Pokémon,134,95,91,50,100,100,80,dragon,flying,2.2,210,1,0
150,Mewtwo,Mewtwoミュウツー,Genetic Pokémon,150,70,106,,194,120,140,psychic,,2,122,1,1
151,Mew,Mewミュウ,New Species Pokémon,100,100,100,,100,100,100,psychic,,0.4,4,1,1
152,Chikorita,Chicoritaチコリータ,Leaf Pokémon,49,65,45,88.1,49,65,45,grass,,0.9,6.4,2,0
153,Bayleef,Bayleafベイリーフ,Leaf Pokémon,62,80,60,88.1,63,80,60,grass,,1.2,15.8,2,0
154,Meganium,Meganiumメガニウム,Herb Pokémon,82,100,80,88.1,83,100,80,grass,,1.8,100.5,2,0
155,Cyndaquil,Hinoarashiヒノアラシ,Fire Mouse Pokémon,52,43,39,88.1,60,50,65,fire,,0.5,7.9,2,0
156,Quilava,Magmarashiマグマラシ,Volcano Pokémon,64,58,58,88.1,80,65,80,fire,,0.9,19,2,0
157,Typhlosion,Bakphoonバクフーン,Volcano Pokémon,84,78,78,88.1,109,85,100,fire,,1.7,79.5,2,0
158,Totodile,Waninokoワニノコ,Big Jaw Pokémon,65,64,50,88.1,44,48,43,water,,0.6,9.5,2,0
159,Croconaw,Alligatesアリゲイツ,Big Jaw Pokémon,80,80,65,88.1,59,63,58,water,,1.1,25,2,0
160,Feraligatr,Ordileオーダイル,Big Jaw Pokémon,105,100,85,88.1,79,83,78,water,,2.3,88.8,2,0
161,Sentret,Otachiオタチ,Scout Pokémon,46,34,35,50,35,45,20,normal,,0.8,6,2,0
162,Furret,Ootachiオオタチ,Long Body Pokémon,76,64,85,50,45,55,90,normal,,1.8,32.5,2,0
163,Hoothoot,Hohoホーホー,Owl Pokémon,30,30,60,50,36,56,50,normal,flying,0.7,21.2,2,0
164,Noctowl,Yorunozukuヨルノズク,Owl Pokémon,50,50,100,50,86,96,70,normal,flying,1.6,40.8,2,0
165,Ledyba,Redibaレディバ,Five Star Pokémon,20,30,40,50,40,80,55,bug,flying,1,10.8,2,0
166,Ledian,Redianレディアン,Five Star Pokémon,35,50,55,50,55,110,85,bug,flying,1.4,35.6,2,0
167,Spinarak,Itomaruイトマル,String Spit Pokémon,60,40,40,50,40,40,30,bug,poison,0.5,8.5,2,0
168,Ariados,Ariadosアリアドス,Long Leg Pokémon,90,70,70,50,60,70,40,bug,poison,1.1,33.5,2,0
169,Crobat,Crobatクロバット,Bat Pokémon,90,80,85,50,70,80,130,poison,flying,1.8,75,2,0
170,Chinchou,Chonchieチョンチー,Angler Pokémon,38,38,75,50,56,56,67,water,electric,0.5,12,2,0
171,Lanturn,Lanternランターン,Light Pokémon,58,58,125,50,76,76,67,water,electric,1.2,22.5,2,0
172,Pichu,Pichuピチュー,Tiny Mouse Pokémon,40,15,20,50,35,35,60,electric,,0.3,2,2,0
173,Cleffa,Pyピィ,Star Shape Pokémon,25,28,50,24.6,45,55,15,fairy,,0.3,3,2,0
174,Igglybuff,Pupurinププリン,Balloon Pokémon,30,15,90,24.6,40,20,15,normal,fairy,0.3,1,2,0
175,Togepi,Togepyトゲピー,Spike Ball Pokémon,20,65,35,88.1,40,65,20,fairy,,0.3,1.5,2,0
176,Togetic,Togechickトゲチック,Happiness Pokémon,40,85,55,88.1,80,105,40,fairy,flying,0.6,3.2,2,0
177,Natu,Natyネイティ,Little Bird Pokémon,50,45,40,50,70,45,70,psychic,flying,0.2,2,2,0
178,Xatu,Natioネイティオ,Mystic Pokémon,75,70,65,50,95,70,95,psychic,flying,1.5,15,2,0
179,Mareep,Merriepメリープ,Wool Pokémon,40,40,55,50,65,45,35,electric,,0.6,7.8,2,0
180,Flaaffy,Mokokoモココ,Wool Pokémon,55,55,70,50,80,60,45,electric,,0.8,13.3,2,0
181,Ampharos,Denryuデンリュウ,Light Pokémon,95,105,90,50,165,110,45,electric,,1.4,61.5,2,0
182,Bellossom,Kireihanaキレイハナ,Flower Pokémon,80,95,75,50,90,100,50,grass,,0.4,5.8,2,0
183,Marill,Marilマリル,Aquamouse Pokémon,20,50,70,50,20,50,40,water,fairy,0.4,8.5,2,0
184,Azumarill,Marilliマリルリ,Aquarabbit Pokémon,50,80,100,50,60,80,50,water,fairy,0.8,28.5,2,0
185,Sudowoodo,Usokkieウソッキー,Imitation Pokémon,100,115,70,50,30,65,30,rock,,1.2,38,2,0
186,Politoed,Nyorotonoニョロトノ,Frog Pokémon,75,75,90,50,90,100,70,water,,1.1,33.9,2,0
187,Hoppip,Haneccoハネッコ,Cottonweed Pokémon,35,40,35,50,35,55,50,grass,flying,0.4,0.5,2,0
188,Skiploom,Popoccoポポッコ,Cottonweed Pokémon,45,50,55,50,45,65,80,grass,flying,0.6,1,2,0
189,Jumpluff,Wataccoワタッコ,Cottonweed Pokémon,55,70,75,50,55,95,110,grass,flying,0.8,3,2,0
190,Aipom,Eipamエイパム,Long Tail Pokémon,70,55,55,50,40,55,85,normal,,0.8,11.5,2,0
191,Sunkern,Himanutsヒマナッツ,Seed Pokémon,30,30,30,50,30,30,30,grass,,0.3,1.8,2,0
192,Sunflora,Kimawariキマワリ,Sun Pokémon,75,55,75,50,105,85,30,grass,,0.8,8.5,2,0
193,Yanma,Yanyanmaヤンヤンマ,Clear Wing Pokémon,65,45,65,50,75,45,95,bug,flying,1.2,38,2,0
194,Wooper,Upahウパー,Water Fish Pokémon,45,45,55,50,25,25,15,water,ground,0.4,8.5,2,0
195,Quagsire,Nuohヌオー,Water Fish Pokémon,85,85,95,50,65,65,35,water,ground,1.4,75,2,0
196,Espeon,Eifieエーフィ,Sun Pokémon,65,60,65,88.1,130,95,110,psychic,,0.9,26.5,2,0
197,Umbreon,Blackyブラッキー,Moonlight Pokémon,65,110,95,88.1,60,130,65,dark,,1,27,2,0
198,Murkrow,Yamikarasuヤミカラス,Darkness Pokémon,85,42,60,50,85,42,91,dark,flying,0.5,2.1,2,0
199,Slowking,Yadokingヤドキング,Royal Pokémon,75,80,95,50,100,110,30,water,psychic,2,79.5,2,0
200,Misdreavus,Mumaムウマ,Screech Pokémon,60,60,60,50,85,85,85,ghost,,0.7,1,2,0
201,Unown,Unknownアンノーン,Symbol Pokémon,72,48,48,,72,48,48,psychic,,0.5,5,2,0
202,Wobbuffet,Sonansソーナンス,Patient Pokémon,33,58,190,50,33,58,33,psychic,,1.3,28.5,2,0
203,Girafarig,Kirinrikiキリンリキ,Long Neck Pokémon,80,65,70,50,90,65,85,normal,psychic,1.5,41.5,2,0
204,Pineco,Kunugidamaクヌギダマ,Bagworm Pokémon,65,90,50,50,35,35,15,bug,,0.6,7.2,2,0
205,Forretress,Foretosフォレトス,Bagworm Pokémon,90,140,75,50,60,60,40,bug,steel,1.2,125.8,2,0
206,Dunsparce,Nokocchiノコッチ,Land Snake Pokémon,70,70,100,50,65,65,45,normal,,1.5,14,2,0
207,Gligar,Gligerグライガー,Flyscorpion Pokémon,75,105,65,50,35,65,85,ground,flying,1.1,64.8,2,0
208,Steelix,Haganeilハガネール,Iron Snake Pokémon,125,230,75,50,55,95,30,steel,ground,9.2,400,2,0
209,Snubbull,Buluブルー,Fairy Pokémon,80,50,60,24.6,40,40,30,fairy,,0.6,7.8,2,0
210,Granbull,Granbuluグランブル,Fairy Pokémon,120,75,90,24.6,60,60,45,fairy,,1.4,48.7,2,0
211,Qwilfish,Harysenハリーセン,Balloon Pokémon,95,85,65,50,55,55,85,water,poison,0.5,3.9,2,0
212,Scizor,Hassamハッサム,Pincer Pokémon,150,140,70,50,65,100,75,bug,steel,1.8,118,2,0
213,Shuckle,Tsubotsuboツボツボ,Mold Pokémon,10,230,20,50,10,230,5,bug,rock,0.6,20.5,2,0
214,Heracross,Heracrosヘラクロス,Singlehorn Pokémon,185,115,80,50,40,105,75,bug,fighting,1.5,54,2,0
215,Sneasel,Nyulaニューラ,Sharp Claw Pokémon,95,55,55,50,35,75,115,dark,ice,0.9,28,2,0
216,Teddiursa,Himegumaヒメグマ,Little Bear Pokémon,80,50,60,50,50,50,40,normal,,0.6,8.8,2,0
217,Ursaring,Ringumaリングマ,Hibernator Pokémon,130,75,90,50,75,75,55,normal,,1.8,125.8,2,0
218,Slugma,Magmagマグマッグ,Lava Pokémon,40,40,40,50,70,40,20,fire,,0.7,35,2,0
219,Magcargo,Magcargotマグカルゴ,Lava Pokémon,50,120,60,50,90,80,30,fire,rock,0.8,55,2,0
220,Swinub,Urimooウリムー,Pig Pokémon,50,40,50,50,30,30,50,ice,ground,0.4,6.5,2,0
221,Piloswine,Inomooイノムー,Swine Pokémon,100,80,100,50,60,60,50,ice,ground,1.1,55.8,2,0
222,Corsola,Sunnygoサニーゴ,Coral Pokémon,55,95,65,24.6,65,95,35,water,rock,0.6,5,2,0
223,Remoraid,Teppouoテッポウオ,Jet Pokémon,65,35,35,50,65,35,65,water,,0.6,12,2,0
224,Octillery,Okutankオクタン,Jet Pokémon,105,75,75,50,105,75,45,water,,0.9,28.5,2,0
225,Delibird,Delibirdデリバード,Delivery Pokémon,55,45,45,50,65,45,75,ice,flying,0.9,16,2,0
226,Mantine,Mantainマンタイン,Kite Pokémon,40,70,85,50,80,140,70,water,flying,2.1,220,2,0
227,Skarmory,Airmdエアームド,Armor Bird Pokémon,80,140,65,50,40,70,70,steel,flying,1.7,50.5,2,0
228,Houndour,Delvilデルビル,Dark Pokémon,60,30,45,50,80,50,65,dark,fire,0.6,10.8,2,0
229,Houndoom,Hellgarヘルガー,Dark Pokémon,90,90,75,50,140,90,115,dark,fire,1.4,35,2,0
230,Kingdra,Kingdraキングドラ,Dragon Pokémon,95,95,75,50,95,95,85,water,dragon,1.8,152,2,0
231,Phanpy,Gomazouゴマゾウ,Long Nose Pokémon,60,60,90,50,40,40,40,ground,,0.5,33.5,2,0
232,Donphan,Donfanドンファン,Armor Pokémon,120,120,90,50,60,60,50,ground,,1.1,120,2,0
233,Porygon2,Porygon2ポリゴン２,Virtual Pokémon,80,90,85,,105,95,60,normal,,0.6,32.5,2,0
234,Stantler,Odoshishiオドシシ,Big Horn Pokémon,95,62,73,50,85,65,85,normal,,1.4,71.2,2,0
235,Smeargle,Dobleドーブル,Painter Pokémon,20,35,55,50,20,45,75,normal,,1.2,58,2,0
236,Tyrogue,Balkieバルキー,Scuffle Pokémon,35,35,35,100,35,35,35,fighting,,0.7,21,2,0
237,Hitmontop,Kapoererカポエラー,Handstand Pokémon,95,95,50,100,35,110,70,fighting,,1.4,48,2,0
238,Smoochum,Muchulムチュール,Kiss Pokémon,30,15,45,0,85,65,65,ice,psychic,0.4,6,2,0
239,Elekid,Elekidエレキッド,Electric Pokémon,63,37,45,75.4,65,55,95,electric,,0.6,23.5,2,0
240,Magby,Bubyブビィ,Live Coal Pokémon,75,37,45,75.4,70,55,83,fire,,0.7,21.4,2,0
241,Miltank,Miltankミルタンク,Milk Cow Pokémon,80,105,95,0,40,70,100,normal,,1.2,75.5,2,0
242,Blissey,Happinasハピナス,Happiness Pokémon,10,10,255,0,75,135,55,normal,,1.5,46.8,2,0
243,Raikou,Raikouライコウ,Thunder Pokémon,85,75,90,,115,100,115,electric,,1.9,178,2,1
244,Entei,Enteiエンテイ,Volcano Pokémon,115,85,115,,90,75,100,fire,,2.1,198,2,1
245,Suicune,Suicuneスイクン,Aurora Pokémon,75,115,100,,90,115,85,water,,2,187,2,1
246,Larvitar,Yogirasヨーギラス,Rock Skin Pokémon,64,50,50,50,45,50,41,rock,ground,0.6,72,2,0
247,Pupitar,Sanagirasサナギラス,Hard Shell Pokémon,84,70,70,50,65,70,51,rock,ground,1.2,152,2,0
248,Tyranitar,Bangirasバンギラス,Armor Pokémon,164,150,100,50,95,120,71,rock,dark,2,202,2,0
249,Lugia,Lugiaルギア,Diving Pokémon,90,130,106,,90,154,110,psychic,flying,5.2,216,2,1
250,Ho-Oh,Hououホウオウ,Rainbow Pokémon,130,90,106,,110,154,90,fire,flying,3.8,199,2,1
251,Celebi,Celebiセレビィ,Time Travel Pokémon,100,100,100,,100,100,100,psychic,grass,0.6,5,2,1
252,Treecko,Kimoriキモリ,Wood Gecko Pokémon,45,35,40,88.1,65,55,70,grass,,0.5,5,3,0
253,Grovyle,Juptileジュプトル,Wood Gecko Pokémon,65,45,50,88.1,85,65,95,grass,,0.9,21.6,3,0
254,Sceptile,Jukainジュカイン,Forest Pokémon,110,75,70,88.1,145,85,145,grass,,1.7,52.2,3,0
255,Torchic,Achamoアチャモ,Chick Pokémon,60,40,45,88.1,70,50,45,fire,,0.4,2.5,3,0
256,Combusken,Wakasyamoワカシャモ,Young Fowl Pokémon,85,60,60,88.1,85,60,55,fire,fighting,0.9,19.5,3,0
257,Blaziken,Bursyamoバシャーモ,Blaze Pokémon,160,80,80,88.1,130,80,100,fire,fighting,1.9,52,3,0
258,Mudkip,Mizugorouミズゴロウ,Mud Fish Pokémon,70,50,50,88.1,50,50,40,water,,0.4,7.6,3,0
259,Marshtomp,Numacrawヌマクロー,Mud Fish Pokémon,85,70,70,88.1,60,70,50,water,ground,0.7,28,3,0
260,Swampert,Laglargeラグラージ,Mud Fish Pokémon,150,110,100,88.1,95,110,70,water,ground,1.5,81.9,3,0
261,Poochyena,Pochienaポチエナ,Bite Pokémon,55,35,35,50,30,30,35,dark,,0.5,13.6,3,0
262,Mightyena,Graenaグラエナ,Bite Pokémon,90,70,70,50,60,60,70,dark,,1,37,3,0
263,Zigzagoon,Jiguzagumaジグザグマ,Tiny Racoon Pokémon,30,41,38,50,30,41,60,normal,,0.4,17.5,3,0
264,Linoone,Massugumaマッスグマ,Rush Pokémon,70,61,78,50,50,61,100,normal,,0.5,32.5,3,0
265,Wurmple,Kemussoケムッソ,Worm Pokémon,45,35,45,50,20,30,20,bug,,0.3,3.6,3,0
266,Silcoon,Karasalisカラサリス,Cocoon Pokémon,35,55,50,50,25,25,15,bug,,0.6,10,3,0
267,Beautifly,Agehuntアゲハント,Butterfly Pokémon,70,50,60,50,100,50,65,bug,flying,1,28.4,3,0
268,Cascoon,Mayuldマユルド,Cocoon Pokémon,35,55,50,50,25,25,15,bug,,0.7,11.5,3,0
269,Dustox,Dokucaleドクケイル,Poison Moth Pokémon,50,70,60,50,50,90,65,bug,poison,1.2,31.6,3,0
270,Lotad,Hassbohハスボー,Water Weed Pokémon,30,30,40,50,40,50,30,water,grass,0.5,2.6,3,0
271,Lombre,Hasubreroハスブレロ,Jolly Pokémon,50,50,60,50,60,70,50,water,grass,1.2,32.5,3,0
272,Ludicolo,Runpappaルンパッパ,Carefree Pokémon,70,70,80,50,90,100,70,water,grass,1.5,55,3,0
273,Seedot,Tanebohタネボー,Acorn Pokémon,40,50,40,50,30,30,30,grass,,0.5,4,3,0
274,Nuzleaf,Konohanaコノハナ,Wily Pokémon,70,40,70,50,60,40,60,grass,dark,1,28,3,0
275,Shiftry,Dirtengダーテング,Wickid Pokémon,100,60,90,50,90,60,80,grass,dark,1.3,59.6,3,0
276,Taillow,Subameスバメ,TinySwallow Pokémon,55,30,40,50,30,30,85,normal,flying,0.3,2.3,3,0
277,Swellow,Ohsubameオオスバメ,Swallow Pokémon,85,60,60,50,75,50,125,normal,flying,0.7,19.8,3,0
278,Wingull,Camomeキャモメ,Seagull Pokémon,30,30,40,50,55,30,85,water,flying,0.6,9.5,3,0
279,Pelipper,Pelipperペリッパー,Water Bird Pokémon,50,100,60,50,95,70,65,water,flying,1.2,28,3,0
280,Ralts,Raltsラルトス,Feeling Pokémon,25,25,28,50,45,35,40,psychic,fairy,0.4,6.6,3,0
281,Kirlia,Kirliaキルリア,Emotion Pokémon,35,35,38,50,65,55,50,psychic,fairy,0.8,20.2,3,0
282,Gardevoir,Sirnightサーナイト,Embrace Pokémon,85,65,68,50,165,135,100,psychic,fairy,1.6,48.4,3,0
283,Surskit,Ametamaアメタマ,Pond Skater Pokémon,30,32,40,50,50,52,65,bug,water,0.5,1.7,3,0
284,Masquerain,Amemothアメモース,Eyeball Pokémon,60,62,70,50,100,82,80,bug,flying,0.8,3.6,3,0
285,Shroomish,Kinococoキノココ,Mushroom Pokémon,40,60,60,50,40,60,35,grass,,0.4,4.5,3,0
286,Breloom,Kinogassaキノガッサ,Mushroom Pokémon,130,80,60,50,60,60,70,grass,fighting,1.2,39.2,3,0
287,Slakoth,Namakeroナマケロ,Slacker Pokémon,60,60,60,50,35,35,30,normal,,0.8,24,3,0
288,Vigoroth,Yarukimonoヤルキモノ,Wild Monkey Pokémon,80,80,80,50,55,55,90,normal,,1.4,46.5,3,0
289,Slaking,Kekkingケッキング,Lazy Pokémon,160,100,150,50,95,65,100,normal,,2,130.5,3,0
290,Nincada,Tutininツチニン,Trainee Pokémon,45,90,31,50,30,30,40,bug,ground,0.5,5.5,3,0
291,Ninjask,Tekkaninテッカニン,Ninja Pokémon,90,45,61,50,50,50,160,bug,flying,0.8,12,3,0
292,Shedinja,Nukeninヌケニン,Shed Pokémon,90,45,1,,30,30,40,bug,ghost,0.8,1.2,3,0
293,Whismur,Gonyonyoゴニョニョ,Whisper Pokémon,51,23,64,50,51,23,28,normal,,0.6,16.3,3,0
294,Loudred,Dogohmbドゴーム,Big Voice Pokémon,71,43,84,50,71,43,48,normal,,1,40.5,3,0
295,Exploud,Bakuongバクオング,Loud Noise Pokémon,91,63,104,50,91,73,68,normal,,1.5,84,3,0
296,Makuhita,Makunoshitaマクノシタ,Guts Pokémon,60,30,72,75.4,20,30,25,fighting,,1,86.4,3,0
297,Hariyama,Hariteyamaハリテヤマ,Arm Thrust Pokémon,120,60,144,75.4,40,60,50,fighting,,2.3,253.8,3,0
298,Azurill,Ruririルリリ,Polka Dot Pokémon,20,40,50,24.6,20,40,20,normal,fairy,0.2,2,3,0
299,Nosepass,Nosepassノズパス,Compass Pokémon,45,135,30,50,45,90,30,rock,,1,97,3,0
300,Skitty,Enecoエネコ,Kitten Pokémon,45,45,50,24.6,35,35,50,normal,,0.6,11,3,0
301,Delcatty,Enekororoエネコロロ,Prim Pokémon,65,65,70,24.6,55,55,90,normal,,1.1,32.6,3,0
302,Sableye,Yamiramiヤミラミ,Darkness Pokémon,85,125,50,50,85,115,20,dark,ghost,0.5,11,3,0
303,Mawile,Kucheatクチート,Deceiver Pokémon,105,125,50,50,55,95,50,steel,fairy,0.6,11.5,3,0
304,Aron,Cokodoraココドラ,Iron Armor Pokémon,70,100,50,50,40,40,30,steel,rock,0.4,60,3,0
305,Lairon,Kodoraコドラ,Iron Armor Pokémon,90,140,60,50,50,50,40,steel,rock,0.9,120,3,0
306,Aggron,Bossgodoraボスゴドラ,Iron Armor Pokémon,140,230,70,50,60,80,50,steel,rock,2.1,360,3,0
307,Meditite,Asananアサナン,Meditate Pokémon,40,55,30,50,40,55,60,fighting,psychic,0.6,11.2,3,0
308,Medicham,Charemチャーレム,Meditate Pokémon,100,85,60,50,80,85,100,fighting,psychic,1.3,31.5,3,0
309,Electrike,Rakuraiラクライ,Lightning Pokémon,45,40,40,50,65,40,65,electric,,0.6,15.2,3,0
310,Manectric,Livoltライボルト,Discharge Pokémon,75,80,70,50,135,80,135,electric,,1.5,40.2,3,0
311,Plusle,Prasleプラスル,Cheering Pokémon,50,40,60,50,85,75,95,electric,,0.4,4.2,3,0
312,Minun,Minunマイナン,Cheering Pokémon,40,50,60,50,75,85,95,electric,,0.4,4.2,3,0
313,Volbeat,Barubeatバルビート,Firefly Pokémon,73,75,65,100,47,85,85,bug,,0.7,17.7,3,0
314,Illumise,Illumiseイルミーゼ,Firefly Pokémon,47,75,65,0,73,85,85,bug,,0.6,17.7,3,0
315,Roselia,Roseliaロゼリア,Thorn Pokémon,60,45,50,50,100,80,65,grass,poison,0.3,2,3,0
316,Gulpin,Gokulinゴクリン,Stomach Pokémon,43,53,70,50,43,53,40,poison,,0.4,10.3,3,0
317,Swalot,Marunoomマルノーム,Poison Bag Pokémon,73,83,100,50,73,83,55,poison,,1.7,80,3,0
318,Carvanha,Kibanhaキバニア,Savage Pokémon,90,20,45,50,65,20,65,water,dark,0.8,20.8,3,0
319,Sharpedo,Samehaderサメハダー,Brutal Pokémon,140,70,70,50,110,65,105,water,dark,1.8,88.8,3,0
320,Wailmer,Hoerukoホエルコ,Ball Whale Pokémon,70,35,130,50,70,35,60,water,,2,130,3,0
321,Wailord,Whalohホエルオー,Float Whale Pokémon,90,45,170,50,90,45,60,water,,14.5,398,3,0
322,Numel,Donmelドンメル,Numb Pokémon,60,40,60,50,65,45,35,fire,ground,0.7,24,3,0
323,Camerupt,Bakuudaバクーダ,Eruption Pokémon,120,100,70,50,145,105,20,fire,ground,1.9,220,3,0
324,Torkoal,Cotoiseコータス,Coal Pokémon,85,140,70,50,85,70,20,fire,,0.5,80.4,3,0
325,Spoink,Banebooバネブー,Bounce Pokémon,25,35,60,50,70,80,60,psychic,,0.7,30.6,3,0
326,Grumpig,Boopigブーピッグ,Manipulate Pokémon,45,65,80,50,90,110,80,psychic,,0.9,71.5,3,0
327,Spinda,Patcheelパッチール,Spot Panda Pokémon,60,60,60,50,60,60,60,normal,,1.1,5,3,0
328,Trapinch,Nuckrarナックラー,Ant Pit Pokémon,100,45,45,50,45,45,10,ground,,0.7,15,3,0
329,Vibrava,Vibravaビブラーバ,Vibration Pokémon,70,50,50,50,50,50,70,ground,dragon,1.1,15.3,3,0
330,Flygon,Flygonフライゴン,Mystic Pokémon,100,80,80,50,80,80,100,ground,dragon,2,82,3,0
331,Cacnea,Saboneaサボネア,Cactus Pokémon,85,40,50,50,85,40,35,grass,,0.4,51.3,3,0
332,Cacturne,Noctusノクタス,Scarecrow Pokémon,115,60,70,50,115,60,55,grass,dark,1.3,77.4,3,0
333,Swablu,Tylttoチルット,Cotton Bird Pokémon,40,60,45,50,40,75,50,normal,flying,0.4,1.2,3,0
334,Altaria,Tyltalisチルタリス,Humming Pokémon,110,110,75,50,110,105,80,dragon,flying,1.1,20.6,3,0
335,Zangoose,Zangooseザングース,Cat Ferret Pokémon,115,60,73,50,60,60,90,normal,,1.3,40.3,3,0
336,Seviper,Habunakeハブネーク,Fang Snake Pokémon,100,60,73,50,100,60,65,poison,,2.7,52.5,3,0
337,Lunatone,Lunatoneルナトーン,Meteorite Pokémon,55,65,90,,95,85,70,rock,psychic,1,168,3,0
338,Solrock,Solrockソルロック,Meteorite Pokémon,95,85,90,,55,65,70,rock,psychic,1.2,154,3,0
339,Barboach,Dojoachドジョッチ,Whiskers Pokémon,48,43,50,50,46,41,60,water,ground,0.4,1.9,3,0
340,Whiscash,Namazunナマズン,Whiskers Pokémon,78,73,110,50,76,71,60,water,ground,0.9,23.6,3,0
341,Corphish,Heiganiヘイガニ,Ruffian Pokémon,80,65,43,50,50,35,35,water,,0.6,11.5,3,0
342,Crawdaunt,Shizarigerシザリガー,Rogue Pokémon,120,85,63,50,90,55,55,water,dark,1.1,32.8,3,0
343,Baltoy,Yajilonヤジロン,Clay Doll Pokémon,40,55,40,,40,70,55,ground,psychic,0.5,21.5,3,0
344,Claydol,Nendollネンドール,Clay Doll Pokémon,70,105,60,,70,120,75,ground,psychic,1.5,108,3,0
345,Lileep,Lilylaリリーラ,Sea Lily Pokémon,41,77,66,88.1,61,87,23,rock,grass,1,23.8,3,0
346,Cradily,Yuradleユレイドル,Barnacle Pokémon,81,97,86,88.1,81,107,43,rock,grass,1.5,60.4,3,0
347,Anorith,Anopthアノプス,Old Shrimp Pokémon,95,50,45,88.1,40,50,75,rock,bug,0.7,12.5,3,0
348,Armaldo,Armaldoアーマルド,Plate Pokémon,125,100,75,88.1,70,80,45,rock,bug,1.5,68.2,3,0
349,Feebas,Hinbassヒンバス,Fish Pokémon,15,20,20,50,10,55,80,water,,0.6,7.4,3,0
350,Milotic,Milokarossミロカロス,Tender Pokémon,60,79,95,50,100,125,81,water,,6.2,162,3,0
351,Castform,Powalenポワルン,Weather Pokémon,70,70,70,50,70,70,70,normal,,0.3,0.8,3,0
352,Kecleon,Kakureonカクレオン,Color Swap Pokémon,90,70,60,50,60,120,40,normal,,1,22,3,0
353,Shuppet,Kagebouzuカゲボウズ,Puppet Pokémon,75,35,44,50,63,33,45,ghost,,0.6,2.3,3,0
354,Banette,Juppetaジュペッタ,Marionette Pokémon,165,75,64,50,93,83,75,ghost,,1.1,12.5,3,0
355,Duskull,Yomawaruヨマワル,Requiem Pokémon,40,90,20,50,30,90,25,ghost,,0.8,15,3,0
356,Dusclops,Samayouruサマヨール,Beckon Pokémon,70,130,40,50,60,130,25,ghost,,1.6,30.6,3,0
357,Tropius,Tropiusトロピウス,Fruit Pokémon,68,83,99,50,72,87,51,grass,flying,2,100,3,0
358,Chimecho,Chireanチリーン,Wind Chime Pokémon,50,80,75,50,95,90,65,psychic,,0.6,1,3,0
359,Absol,Absolアブソル,Disaster Pokémon,150,60,65,50,115,60,115,dark,,1.2,47,3,0
360,Wynaut,Sohnanoソーナノ,Bright Pokémon,23,48,95,50,23,48,23,psychic,,0.6,14,3,0
361,Snorunt,Yukiwarashiユキワラシ,Snow Hat Pokémon,50,50,50,50,50,50,50,ice,,0.7,16.8,3,0
362,Glalie,Onigohriオニゴーリ,Face Pokémon,120,80,80,50,120,80,100,ice,,1.5,256.5,3,0
363,Spheal,Tamazarashiタマザラシ,Clap Pokémon,40,50,70,50,55,50,25,ice,water,0.8,39.5,3,0
364,Sealeo,Todogglerトドグラー,Ball Roll Pokémon,60,70,90,50,75,70,45,ice,water,1.1,87.6,3,0
365,Walrein,Todoserugaトドゼルガ,Ice Break Pokémon,80,90,110,50,95,90,65,ice,water,1.4,150.6,3,0
366,Clamperl,Pearluluパールル,Bivalve Pokémon,64,85,35,50,74,55,32,water,,0.4,52.5,3,0
367,Huntail,Huntailハンテール,Deep Sea Pokémon,104,105,55,50,94,75,52,water,,1.7,27,3,0
368,Gorebyss,Sakurabyssサクラビス,South Sea Pokémon,84,105,55,50,114,75,52,water,,1.8,22.6,3,0
369,Relicanth,Glanthジーランス,Longevity Pokémon,90,130,100,88.1,45,65,55,water,rock,1,23.4,3,0
370,Luvdisc,Lovecusラブカス,Rendezvous Pokémon,30,55,43,24.6,40,65,97,water,,0.6,8.7,3,0
371,Bagon,Tatsubayタツベイ,Rock Head Pokémon,75,60,45,50,40,30,50,dragon,,0.6,42.1,3,0
372,Shelgon,Komoruuコモルー,Endurance Pokémon,95,100,65,50,60,50,50,dragon,,1.1,110.5,3,0
373,Salamence,Bohmanderボーマンダ,Dragon Pokémon,145,130,95,50,120,90,120,dragon,flying,1.5,102.6,3,0
374,Beldum,Dumbberダンバル,Iron Ball Pokémon,55,80,40,,35,60,30,steel,psychic,0.6,95.2,3,0
375,Metang,Metangメタング,Iron Claw Pokémon,75,100,60,,55,80,50,steel,psychic,1.2,202.5,3,0
376,Metagross,Metagrossメタグロス,Iron Leg Pokémon,145,150,80,,105,110,110,steel,psychic,1.6,550,3,0
377,Regirock,Regirockレジロック,Rock Peak Pokémon,100,200,80,,50,100,50,rock,,1.7,230,3,1
378,Regice,Regiceレジアイス,Iceberg Pokémon,50,100,80,,100,200,50,ice,,1.8,175,3,1
379,Registeel,Registeelレジスチル,Iron Pokémon,75,150,80,,75,150,50,steel,,1.9,205,3,1
380,Latias,Latiasラティアス,Eon Pokémon,100,120,80,0,140,150,110,dragon,psychic,1.4,40,3,1
381,Latios,Latiosラティオス,Eon Pokémon,130,100,80,100,160,120,110,dragon,psychic,2,60,3,1
382,Kyogre,Kyogreカイオーガ,Sea Basin Pokémon,150,90,100,,180,160,90,water,,4.5,352,3,1
383,Groudon,Groudonグラードン,Continent Pokémon,180,160,100,,150,90,90,ground,,3.5,950,3,1
384,Rayquaza,Rayquazaレックウザ,Sky High Pokémon,180,100,105,,180,100,115,dragon,flying,7,206.5,3,1
385,Jirachi,Jirachiジラーチ,Wish Pokémon,100,100,100,,100,100,100,steel,psychic,0.3,1.1,3,1
386,Deoxys,Deoxysデオキシス,DNA Pokémon,95,90,50,,95,90,180,psychic,,1.7,60.8,3,1
387,Turtwig,Naetleナエトル,Tiny Leaf Pokémon,68,64,55,88.1,45,55,31,grass,,0.4,10.2,4,0
388,Grotle,Hayashigameハヤシガメ,Grove Pokémon,89,85,75,88.1,55,65,36,grass,,1.1,97,4,0
389,Torterra,Dodaitoseドダイトス,Continent Pokémon,109,105,95,88.1,75,85,56,grass,ground,2.2,310,4,0
390,Chimchar,Hikozaruヒコザル,Chimp Pokémon,58,44,44,88.1,58,44,61,fire,,0.5,6.2,4,0
391,Monferno,Moukazaruモウカザル,Playful Pokémon,78,52,64,88.1,78,52,81,fire,fighting,0.9,22,4,0
392,Infernape,Goukazaruゴウカザル,Flame Pokémon,104,71,76,88.1,104,71,108,fire,fighting,1.2,55,4,0
393,Piplup,Pochamaポッチャマ,Penguin Pokémon,51,53,53,88.1,61,56,40,water,,0.4,5.2,4,0
394,Prinplup,Pottaishiポッタイシ,Penguin Pokémon,66,68,64,88.1,81,76,50,water,,0.8,23,4,0
395,Empoleon,Emperteエンペルト,Emperor Pokémon,86,88,84,88.1,111,101,60,water,steel,1.7,84.5,4,0
396,Starly,Mukkuruムックル,Starling Pokémon,55,30,40,50,30,30,60,normal,flying,0.3,2,4,0
397,Staravia,Mukubirdムクバード,Starling Pokémon,75,50,55,50,40,40,80,normal,flying,0.6,15.5,4,0
398,Staraptor,Mukuhawkムクホーク,Predator Pokémon,120,70,85,50,50,60,100,normal,flying,1.2,24.9,4,0
399,Bidoof,Bippaビッパ,Plump Mouse Pokémon,45,40,59,50,35,40,31,normal,,0.5,20,4,0
400,Bibarel,Beadaruビーダル,Beaver Pokémon,85,60,79,50,55,60,71,normal,water,1,31.5,4,0
401,Kricketot,Korobohshiコロボーシ,Cricket Pokémon,25,41,37,50,25,41,25,bug,,0.3,2.2,4,0
402,Kricketune,Korotockコロトック,Cricket Pokémon,85,51,77,50,55,51,65,bug,,1,25.5,4,0
403,Shinx,Kolinkコリンク,Flash Pokémon,65,34,45,50,40,34,45,electric,,0.5,9.5,4,0
404,Luxio,Luxioルクシオ,Spark Pokémon,85,49,60,50,60,49,60,electric,,0.9,30.5,4,0
405,Luxray,Rentorarレントラー,Gleam Eyes Pokémon,120,79,80,50,95,79,70,electric,,1.4,42,4,0
406,Budew,Subomieスボミー,Bud Pokémon,30,35,40,50,50,70,55,grass,poison,0.2,1.2,4,0
407,Roserade,Roseradeロズレイド,Bouquet Pokémon,70,65,60,50,125,105,90,grass,poison,0.9,14.5,4,0
408,Cranidos,Zugaidosズガイドス,Head Butt Pokémon,125,40,67,88.1,30,30,58,rock,,0.9,31.5,4,0
409,Rampardos,Rampaldラムパルド,Head Butt Pokémon,165,60,97,88.1,65,50,58,rock,,1.6,102.5,4,0
410,Shieldon,Tatetopsタテトプス,Shield Pokémon,42,118,30,88.1,42,88,30,rock,steel,0.5,57,4,0
411,Bastiodon,Toridepsトリデプス,Shield Pokémon,52,168,60,88.1,47,138,30,rock,steel,1.3,149.5,4,0
412,Burmy,Minomucchiミノムッチ,Bagworm Pokémon,29,45,40,50,29,45,36,bug,,0.2,3.4,4,0
413,Wormadam,Minomadam (kusaki No Mino)ミノマダム,Bagworm Pokémon,69,95,60,0,69,95,36,bug,grass,0.5,6.5,4,0
414,Mothim,Gamaleガーメイル,Moth Pokémon,94,50,70,100,94,50,66,bug,flying,0.9,23.3,4,0
415,Combee,Mitsuhoneyミツハニー,Tiny Bee Pokémon,30,42,30,88.1,30,42,70,bug,flying,0.3,5.5,4,0
416,Vespiquen,Beequenビークイン,Beehive Pokémon,80,102,70,0,80,102,40,bug,flying,1.2,38.5,4,0
417,Pachirisu,Pachirisuパチリス,EleSquirrel Pokémon,45,70,60,50,45,90,95,electric,,0.4,3.9,4,0
418,Buizel,Buoyselブイゼル,Sea Weasel Pokémon,65,35,55,50,60,30,85,water,,0.7,29.5,4,0
419,Floatzel,Floazelフローゼル,Sea Weasel Pokémon,105,55,85,50,85,50,115,water,,1.1,33.5,4,0
420,Cherubi,Cherinboチェリンボ,Cherry Pokémon,35,45,45,50,62,53,35,grass,,0.4,3.3,4,0
421,Cherrim,Cherrimチェリム,Blossom Pokémon,60,70,70,50,87,78,85,grass,,0.5,9.3,4,0
422,Shellos,Karanakushiカラナクシ,Sea Slug Pokémon,48,48,76,50,57,62,34,water,,0.3,6.3,4,0
423,Gastrodon,Tritodonトリトドン,Sea Slug Pokémon,83,68,111,50,92,82,39,water,ground,0.9,29.9,4,0
424,Ambipom,Etebothエテボース,Long Tail Pokémon,100,66,75,50,60,66,115,normal,,1.2,20.3,4,0
425,Drifloon,Fuwanteフワンテ,Balloon Pokémon,50,34,90,50,60,44,70,ghost,flying,0.4,1.2,4,0
426,Drifblim,Fuwarideフワライド,Blimp Pokémon,80,44,150,50,90,54,80,ghost,flying,1.2,15,4,0
427,Buneary,Mimirolミミロル,Rabbit Pokémon,66,44,55,50,44,56,85,normal,,0.4,5.5,4,0
428,Lopunny,Mimilopミミロップ,Rabbit Pokémon,136,94,65,50,54,96,135,normal,,1.2,33.3,4,0
429,Mismagius,Mumargiムウマージ,Magical Pokémon,60,60,60,50,105,105,105,ghost,,0.9,4.4,4,0
430,Honchkrow,Dongkarasuドンカラス,Big Boss Pokémon,125,52,100,50,105,52,71,dark,flying,0.9,27.3,4,0
431,Glameow,Nyarmarニャルマー,Catty Pokémon,55,42,49,24.6,42,37,85,normal,,0.5,3.9,4,0
432,Purugly,Bunyattoブニャット,Tiger Cat Pokémon,82,64,71,24.6,64,59,112,normal,,1,43.8,4,0
433,Chingling,Lisyanリーシャン,Bell Pokémon,30,50,45,50,65,50,45,psychic,,0.2,0.6,4,0
434,Stunky,Skunpuuスカンプー,Skunk Pokémon,63,47,63,50,41,41,74,poison,dark,0.4,19.2,4,0
435,Skuntank,Skutankスカタンク,Skunk Pokémon,93,67,103,50,71,61,84,poison,dark,1,38,4,0
436,Bronzor,Dohmirrorドーミラー,Bronze Pokémon,24,86,57,,24,86,23,steel,psychic,0.5,60.5,4,0
437,Bronzong,Dohtakunドータクン,Bronze Bell Pokémon,89,116,67,,79,116,33,steel,psychic,1.3,187,4,0
438,Bonsly,Usohachiウソハチ,Bonsai Pokémon,80,95,50,50,10,45,10,rock,,0.5,15,4,0
439,Mime Jr.,Maneneマネネ,Mime Pokémon,25,45,20,50,70,90,60,psychic,fairy,0.6,13,4,0
440,Happiny,Pinpukuピンプク,Playhouse Pokémon,5,5,100,0,15,65,30,normal,,0.6,24.4,4,0
441,Chatot,Perapペラップ,Music Note Pokémon,65,45,76,50,92,42,91,normal,flying,0.5,1.9,4,0
442,Spiritomb,Mikarugeミカルゲ,Forbidden Pokémon,92,108,50,50,92,108,35,ghost,dark,1,108,4,0
443,Gible,Fukamaruフカマル,Land Shark Pokémon,70,45,58,50,40,45,42,dragon,ground,0.7,20.5,4,0
444,Gabite,Gabiteガバイト,Cave Pokémon,90,65,68,50,50,55,82,dragon,ground,1.4,56,4,0
445,Garchomp,Gaburiasガブリアス,Mach Pokémon,170,115,108,50,120,95,92,dragon,ground,1.9,95,4,0
446,Munchlax,Gonbeゴンベ,Big Eater Pokémon,85,40,135,88.1,40,85,5,normal,,0.6,105,4,0
447,Riolu,Rioluリオル,Emanation Pokémon,70,40,40,88.1,35,40,60,fighting,,0.7,20.2,4,0
448,Lucario,Lucarioルカリオ,Aura Pokémon,145,88,70,88.1,140,70,112,fighting,steel,1.2,54,4,0
449,Hippopotas,Hippopotasヒポポタス,Hippo Pokémon,72,78,68,50,38,42,32,ground,,0.8,49.5,4,0
450,Hippowdon,Kabaldonカバルドン,Heavyweight Pokémon,112,118,108,50,68,72,47,ground,,2,300,4,0
451,Skorupi,Scorupiスコルピ,Scorpion Pokémon,50,90,40,50,30,55,65,poison,bug,0.8,12,4,0
452,Drapion,Dorapionドラピオン,Ogre Scorp Pokémon,90,110,70,50,60,75,95,poison,dark,1.3,61.5,4,0
453,Croagunk,Gureggruグレッグル,Toxic Mouth Pokémon,61,40,48,50,61,40,50,poison,fighting,0.7,23,4,0
454,Toxicroak,Dokurogドクロッグ,Toxic Mouth Pokémon,106,65,83,50,86,65,85,poison,fighting,1.3,44.4,4,0
455,Carnivine,Muskippaマスキッパ,Bug Catcher Pokémon,100,72,74,50,90,72,46,grass,,1.4,27,4,0
456,Finneon,Keikouoケイコウオ,Wing Fish Pokémon,49,56,49,50,49,61,66,water,,0.4,7,4,0
457,Lumineon,Neolantネオラント,Neon Pokémon,69,76,69,50,69,86,91,water,,1.2,24,4,0
458,Mantyke,Tamantaタマンタ,Kite Pokémon,20,50,45,50,60,120,50,water,flying,1,65,4,0
459,Snover,Yukikaburiユキカブリ,Frosted Tree Pokémon,62,50,60,50,62,60,40,grass,ice,1,50.5,4,0
460,Abomasnow,Yukinoohユキノオー,Frosted Tree Pokémon,132,105,90,50,132,105,30,grass,ice,2.2,135.5,4,0
461,Weavile,Manyulaマニューラ,Sharp Claw Pokémon,120,65,70,50,45,85,125,dark,ice,1.1,34,4,0
462,Magnezone,Jibacoilジバコイル,Magnet Area Pokémon,70,115,70,,130,90,60,electric,steel,1.2,180,4,0
463,Lickilicky,Berobeltベロベルト,Licking Pokémon,85,95,110,50,80,95,50,normal,,1.7,140,4,0
464,Rhyperior,Dosidonドサイドン,Drill Pokémon,140,130,115,50,55,55,40,ground,rock,2.4,282.8,4,0
465,Tangrowth,Mojumboモジャンボ,Vine Pokémon,100,125,100,50,110,50,50,grass,,2,128.6,4,0
466,Electivire,Elekibleエレキブル,Thunderbolt Pokémon,123,67,75,75.4,95,85,95,electric,,1.8,138.6,4,0
467,Magmortar,Booburnブーバーン,Blast Pokémon,95,67,75,75.4,125,95,83,fire,,1.6,68,4,0
468,Togekiss,Togekissトゲキッス,Jubilee Pokémon,50,95,85,88.1,120,115,80,fairy,flying,1.5,38,4,0
469,Yanmega,Megayanmaメガヤンマ,Ogre Darner Pokémon,76,86,86,50,116,56,95,bug,flying,1.9,51.5,4,0
470,Leafeon,Leafiaリーフィア,Verdant Pokémon,110,130,65,88.1,60,65,95,grass,,1,25.5,4,0
471,Glaceon,Glaciaグレイシア,Fresh Snow Pokémon,60,110,65,88.1,130,95,65,ice,,0.8,25.9,4,0
472,Gliscor,Glionグライオン,Fang Scorp Pokémon,95,125,75,50,45,75,95,ground,flying,2,42.5,4,0
473,Mamoswine,Mammooマンムー,Twin Tusk Pokémon,130,80,110,50,70,60,80,ice,ground,2.5,291,4,0
474,Porygon-Z,Porygon-zポリゴンＺ,Virtual Pokémon,80,70,85,,135,75,90,normal,,0.9,34,4,0
475,Gallade,Erureidoエルレイド,Blade Pokémon,165,95,68,100,65,115,110,psychic,fighting,1.6,52,4,0
476,Probopass,Dainoseダイノーズ,Compass Pokémon,55,145,60,50,75,150,40,rock,steel,1.4,340,4,0
477,Dusknoir,Yonoirヨノワール,Gripper Pokémon,100,135,45,50,65,135,45,ghost,,2.2,106.6,4,0
478,Froslass,Yukimenokoユキメノコ,Snow Land Pokémon,80,70,70,0,80,70,110,ice,ghost,1.3,26.6,4,0
479,Rotom,Rotomロトム,Plasma Pokémon,65,107,50,,105,107,86,electric,ghost,0.3,0.3,4,0
480,Uxie,Yuxieユクシー,Knowledge Pokémon,75,130,75,,75,130,95,psychic,,0.3,0.3,4,1
481,Mesprit,Emritエムリット,Emotion Pokémon,105,105,80,,105,105,80,psychic,,0.3,0.3,4,1
482,Azelf,Agnomeアグノム,Willpower Pokémon,125,70,75,,125,70,115,psychic,,0.3,0.3,4,1
483,Dialga,Dialgaディアルガ,Temporal Pokémon,120,120,100,,150,100,90,steel,dragon,5.4,683,4,1
484,Palkia,Palkiaパルキア,Spatial Pokémon,120,100,90,,150,120,100,water,dragon,4.2,336,4,1
485,Heatran,Heatranヒードラン,Lava Dome Pokémon,90,106,91,50,130,106,77,fire,steel,1.7,430,4,1
486,Regigigas,Regigigasレジギガス,Colossal Pokémon,160,110,110,,80,110,100,normal,,3.7,420,4,1
487,Giratina,Giratina (another Forme)ギラティナ,Renegade Pokémon,120,100,150,,120,100,90,ghost,dragon,4.5,750,4,1
488,Cresselia,Cresseliaクレセリア,Lunar Pokémon,70,120,120,0,75,130,85,psychic,,1.5,85.6,4,1
489,Phione,Phioneフィオネ,Sea Drifter Pokémon,80,80,80,,80,80,80,water,,0.4,3.1,4,0
490,Manaphy,Manaphyマナフィ,Seafaring Pokémon,100,100,100,,100,100,100,water,,0.3,1.4,4,1
491,Darkrai,Darkraiダークライ,Pitch-Black Pokémon,90,90,70,,135,90,125,dark,,1.5,50.5,4,1
492,Shaymin,Shaymin (sky Forme)シェイミ,Gratitude Pokémon,103,75,100,,120,75,127,grass,grass,0.2,2.1,4,1
493,Arceus,Arceusアルセウス,Alpha Pokémon,120,120,120,,120,120,120,normal,,3.2,320,4,1
494,Victini,Victiniビクティニ,Victory Pokémon,100,100,100,,100,100,100,psychic,fire,0.4,4,5,1
495,Snivy,Tsutarjaツタージャ,Grass Snake Pokémon,45,55,45,88.1,45,55,63,grass,,0.6,8.1,5,0
496,Servine,Janovyジャノビー,Grass Snake Pokémon,60,75,60,88.1,60,75,83,grass,,0.8,16,5,0
497,Serperior,Jalordaジャローダ,Regal Pokémon,75,95,75,88.1,75,95,113,grass,,3.3,63,5,0
498,Tepig,Pokabuポカブ,Fire Pig Pokémon,63,45,65,88.1,45,45,45,fire,,0.5,9.9,5,0
499,Pignite,Chaobooチャオブー,Fire Pig Pokémon,93,55,90,88.1,70,55,55,fire,fighting,1,55.5,5,0
500,Emboar,Enbuohエンブオー,Mega Fire Pig Pokémon,123,65,110,88.1,100,65,65,fire,fighting,1.6,150,5,0
501,Oshawott,Mijumaruミジュマル,Sea Otter Pokémon,55,45,55,88.1,63,45,45,water,,0.5,5.9,5,0
502,Dewott,Futachimaruフタチマル,Discipline Pokémon,75,60,75,88.1,83,60,60,water,,0.8,24.5,5,0
503,Samurott,Daikenkiダイケンキ,Formidable Pokémon,100,85,95,88.1,108,70,70,water,,1.5,94.6,5,0
504,Patrat,Minezumiミネズミ,Scout Pokémon,55,39,45,50,35,39,42,normal,,0.5,11.6,5,0
505,Watchog,Miruhogミルホッグ,Lookout Pokémon,85,69,60,50,60,69,77,normal,,1.1,27,5,0
506,Lillipup,Yorterrieヨーテリー,Puppy Pokémon,60,45,45,50,25,45,55,normal,,0.4,4.1,5,0
507,Herdier,Herderrieハーデリア,Loyal Dog Pokémon,80,65,65,50,35,65,60,normal,,0.9,14.7,5,0
508,Stoutland,Moolandムーランド,Big-Hearted Pokémon,110,90,85,50,45,90,80,normal,,1.2,61,5,0
509,Purrloin,Choronekoチョロネコ,Devious Pokémon,50,37,41,50,50,37,66,dark,,0.4,10.1,5,0
510,Liepard,Lepardasレパルダス,Cruel Pokémon,88,50,64,50,88,50,106,dark,,1.1,37.5,5,0
511,Pansage,Yanappuヤナップ,Grass Monkey Pokémon,53,48,50,88.1,53,48,64,grass,,0.6,10.5,5,0
512,Simisage,Yanakkieヤナッキー,Thorn Monkey Pokémon,98,63,75,88.1,98,63,101,grass,,1.1,30.5,5,0
513,Pansear,Baoppuバオップ,High Temp Pokémon,53,48,50,88.1,53,48,64,fire,,0.6,11,5,0
514,Simisear,Baokkieバオッキー,Ember Pokémon,98,63,75,88.1,98,63,101,fire,,1,28,5,0
515,Panpour,Hiyappuヒヤップ,Spray Pokémon,53,48,50,88.1,53,48,64,water,,0.6,13.5,5,0
516,Simipour,Hiyakkieヒヤッキー,Geyser Pokémon,98,63,75,88.1,98,63,101,water,,1,29,5,0
517,Munna,Munnaムンナ,Dream Eater Pokémon,25,45,76,50,67,55,24,psychic,,0.6,23.3,5,0
518,Musharna,Musharnaムシャーナ,Drowsing Pokémon,55,85,116,50,107,95,29,psychic,,1.1,60.5,5,0
519,Pidove,Mamepatoマメパト,Tiny Pigeon Pokémon,55,50,50,50,36,30,43,normal,flying,0.3,2.1,5,0
520,Tranquill,Hatobohハトーボー,Wild Pigeon Pokémon,77,62,62,50,50,42,65,normal,flying,0.6,15,5,0
521,Unfezant,Kenhallowケンホロウ,Proud Pokémon,115,80,80,50,65,55,93,normal,flying,1.2,29,5,0
522,Blitzle,Shimamaシママ,Electrified Pokémon,60,32,45,50,50,32,76,electric,,0.8,29.8,5,0
523,Zebstrika,Zebraikaゼブライカ,Thunderbolt Pokémon,100,63,75,50,80,63,116,electric,,1.6,79.5,5,0
524,Roggenrola,Dangoroダンゴロ,Mantle Pokémon,75,85,55,50,25,25,15,rock,,0.4,18,5,0
525,Boldore,Gantleガントル,Ore Pokémon,105,105,70,50,50,40,20,rock,,0.9,102,5,0
526,Gigalith,Gigaiathギガイアス,Compressed Pokémon,135,130,85,50,60,80,25,rock,,1.7,260,5,0
527,Woobat,Koromoriコロモリ,Bat Pokémon,45,43,65,50,55,43,72,psychic,flying,0.4,2.1,5,0
528,Swoobat,Kokoromoriココロモリ,Courting Pokémon,57,55,67,50,77,55,114,psychic,flying,0.9,10.5,5,0
529,Drilbur,Mogurewモグリュー,Mole Pokémon,85,40,60,50,30,45,68,ground,,0.3,8.5,5,0
530,Excadrill,Doryuzuドリュウズ,Subterrene Pokémon,135,60,110,50,50,65,88,ground,steel,0.7,40.4,5,0
531,Audino,Tabunneタブンネ,Hearing Pokémon,60,126,103,50,80,126,50,normal,,1.1,31,5,0
532,Timburr,Dokkorerドッコラー,Muscular Pokémon,80,55,75,75.4,25,35,35,fighting,,0.6,12.5,5,0
533,Gurdurr,Dotekkotsuドテッコツ,Muscular Pokémon,105,85,85,75.4,40,50,40,fighting,,1.2,40,5,0
534,Conkeldurr,Roubushinローブシン,Muscular Pokémon,140,95,105,75.4,55,65,45,fighting,,1.4,87,5,0
535,Tympole,Otamaroオタマロ,Tadpole Pokémon,50,40,50,50,50,40,64,water,,0.5,4.5,5,0
536,Palpitoad,Gamagaruガマガル,Vibration Pokémon,65,55,75,50,65,55,69,water,ground,0.8,17,5,0
537,Seismitoad,Gamagerogeガマゲロゲ,Vibration Pokémon,95,75,105,50,85,75,74,water,ground,1.5,62,5,0
538,Throh,Nagekiナゲキ,Judo Pokémon,100,85,120,100,30,85,45,fighting,,1.3,55.5,5,0
539,Sawk,Dagekiダゲキ,Karate Pokémon,125,75,75,100,30,75,85,fighting,,1.4,51,5,0
540,Sewaddle,Kurumiruクルミル,Sewing Pokémon,53,70,45,50,40,60,42,bug,grass,0.3,2.5,5,0
541,Swadloon,Kurumayuクルマユ,Leaf-Wrapped Pokémon,63,90,55,50,50,80,42,bug,grass,0.5,7.3,5,0
542,Leavanny,Hahakomoriハハコモリ,Nurturing Pokémon,103,80,75,50,70,80,92,bug,grass,1.2,20.5,5,0
543,Venipede,Fushideフシデ,Centipede Pokémon,45,59,30,50,30,39,57,bug,poison,0.4,5.3,5,0
544,Whirlipede,Wheegaホイーガ,Curlipede Pokémon,55,99,40,50,40,79,47,bug,poison,1.2,58.5,5,0
545,Scolipede,Pendrorペンドラー,Megapede Pokémon,100,89,60,50,55,69,112,bug,poison,2.5,200.5,5,0
546,Cottonee,Monmenモンメン,Cotton Puff Pokémon,27,60,40,50,37,50,66,grass,fairy,0.3,0.6,5,0
547,Whimsicott,Elfuunエルフーン,Windveiled Pokémon,67,85,60,50,77,75,116,grass,fairy,0.7,6.6,5,0
548,Petilil,Churineチュリネ,Bulb Pokémon,35,50,45,0,70,50,30,grass,,0.5,6.6,5,0
549,Lilligant,Dredearドレディア,Flowering Pokémon,60,75,70,0,110,75,90,grass,,1.1,16.3,5,0
550,Basculin,Bassraoバスラオ,Hostile Pokémon,92,65,70,50,80,55,98,water,,1,18,5,0
551,Sandile,Megurocoメグロコ,Desert Croc Pokémon,72,35,50,50,35,35,65,ground,dark,0.7,15.2,5,0
552,Krokorok,Waruvileワルビル,Desert Croc Pokémon,82,45,60,50,45,45,74,ground,dark,1,33.4,5,0
553,Krookodile,Waruvialワルビアル,Intimidation Pokémon,117,80,95,50,65,70,92,ground,dark,1.5,96.3,5,0
554,Darumaka,Darumakkaダルマッカ,Zen Charm Pokémon,90,45,70,50,15,45,50,fire,,0.6,37.5,5,0
555,Darmanitan,Hihidarumaヒヒダルマ,Blazing Pokémon,30,105,105,50,140,105,55,fire,fire,1.3,92.9,5,0
556,Maractus,Maracacchiマラカッチ,Cactus Pokémon,86,67,75,50,106,67,60,grass,,1,28,5,0
557,Dwebble,Ishizumaiイシズマイ,Rock Inn Pokémon,65,85,50,50,35,35,55,bug,rock,0.3,14.5,5,0
558,Crustle,Iwapalaceイワパレス,Stone Home Pokémon,105,125,70,50,65,75,45,bug,rock,1.4,200,5,0
559,Scraggy,Zurugguズルッグ,Shedding Pokémon,75,70,50,50,35,70,48,dark,fighting,0.6,11.8,5,0
560,Scrafty,Zuruzukinズルズキン,Hoodlum Pokémon,90,115,65,50,45,115,58,dark,fighting,1.1,30,5,0
561,Sigilyph,Symbolerシンボラー,Avianoid Pokémon,58,80,72,50,103,80,97,psychic,flying,1.4,14,5,0
562,Yamask,Desumasuデスマス,Spirit Pokémon,30,85,38,50,55,65,30,ghost,,0.5,1.5,5,0
563,Cofagrigus,Desukarnデスカーン,Coffin Pokémon,50,145,58,50,95,105,30,ghost,,1.7,76.5,5,0
564,Tirtouga,Protogaプロトーガ,Prototurtle Pokémon,78,103,54,88.1,53,45,22,water,rock,0.7,16.5,5,0
565,Carracosta,Abagouraアバゴーラ,Prototurtle Pokémon,108,133,74,88.1,83,65,32,water,rock,1.2,81,5,0
566,Archen,Archenアーケン,First Bird Pokémon,112,45,55,88.1,74,45,70,rock,flying,0.5,9.5,5,0
567,Archeops,Archeosアーケオス,First Bird Pokémon,140,65,75,88.1,112,65,110,rock,flying,1.4,32,5,0
568,Trubbish,Yabukuronヤブクロン,Trash Bag Pokémon,50,62,50,50,40,62,65,poison,,0.6,31,5,0
569,Garbodor,Dustdasダストダス,Trash Heap Pokémon,95,82,80,50,60,82,75,poison,,1.9,107.3,5,0
570,Zorua,Zoruaゾロア,Tricky Fox Pokémon,65,40,40,88.1,80,40,65,dark,,0.7,12.5,5,0
571,Zoroark,Zoroarkゾロアーク,Illusion Fox Pokémon,105,60,60,88.1,120,60,105,dark,,1.6,81.1,5,0
572,Minccino,Chillarmyチラーミィ,Chinchilla Pokémon,50,40,55,24.6,40,40,75,normal,,0.4,5.8,5,0
573,Cinccino,Chillaccinoチラチーノ,Scarf Pokémon,95,60,75,24.6,65,60,115,normal,,0.5,7.5,5,0
574,Gothita,Gothimuゴチム,Fixation Pokémon,30,50,45,24.6,55,65,45,psychic,,0.4,5.8,5,0
575,Gothorita,Gothimiruゴチミル,Manipulate Pokémon,45,70,60,24.6,75,85,55,psychic,,0.7,18,5,0
576,Gothitelle,Gothiruselleゴチルゼル,Astral Body Pokémon,55,95,70,24.6,95,110,65,psychic,,1.5,44,5,0
577,Solosis,Uniranユニラン,Cell Pokémon,30,40,45,50,105,50,20,psychic,,0.3,1,5,0
578,Duosion,Doublanダブラン,Mitosis Pokémon,40,50,65,50,125,60,30,psychic,,0.6,8,5,0
579,Reuniclus,Lanculusランクルス,Multiplying Pokémon,65,75,110,50,125,85,30,psychic,,1,20.1,5,0
580,Ducklett,Koaruhieコアルヒー,Water Bird Pokémon,44,50,62,50,44,50,55,water,flying,0.5,5.5,5,0
581,Swanna,Swannaスワンナ,White Bird Pokémon,87,63,75,50,87,63,98,water,flying,1.3,24.2,5,0
582,Vanillite,Vanipetiバニプッチ,Fresh Snow Pokémon,50,50,36,50,65,60,44,ice,,0.4,5.7,5,0
583,Vanillish,Vanirichバニリッチ,Icy Snow Pokémon,65,65,51,50,80,75,59,ice,,1.1,41,5,0
584,Vanilluxe,Baivanillaバイバニラ,Snowstorm Pokémon,95,85,71,50,110,95,79,ice,,1.3,57.5,5,0
585,Deerling,Shikijikaシキジカ,Season Pokémon,60,50,60,50,40,50,75,normal,grass,0.6,19.5,5,0
586,Sawsbuck,Mebukijikaメブキジカ,Season Pokémon,100,70,80,50,60,70,95,normal,grass,1.9,92.5,5,0
587,Emolga,Emongaエモンガ,Sky Squirrel Pokémon,75,60,55,50,75,60,103,electric,flying,0.4,5,5,0
588,Karrablast,Kaburumoカブルモ,Clamping Pokémon,75,45,50,50,40,45,60,bug,,0.5,5.9,5,0
589,Escavalier,Chevargoシュバルゴ,Cavalry Pokémon,135,105,70,50,60,105,20,bug,steel,1,33,5,0
590,Foongus,Tamagetakeタマゲタケ,Mushroom Pokémon,55,45,69,50,55,55,15,grass,poison,0.2,1,5,0
591,Amoonguss,Morobareruモロバレル,Mushroom Pokémon,85,70,114,50,85,80,30,grass,poison,0.6,10.5,5,0
592,Frillish,Pururillプルリル,Floating Pokémon,40,50,55,50,65,85,40,water,ghost,1.2,33,5,0
593,Jellicent,Burungelブルンゲル,Floating Pokémon,60,70,100,50,85,105,60,water,ghost,2.2,135,5,0
594,Alomomola,Mamanbouママンボウ,Caring Pokémon,75,80,165,50,40,45,65,water,,1.2,31.6,5,0
595,Joltik,Bachuruバチュル,Attaching Pokémon,47,50,50,50,57,50,65,bug,electric,0.1,0.6,5,0
596,Galvantula,Dentulaデンチュラ,EleSpider Pokémon,77,60,70,50,97,60,108,bug,electric,0.8,14.3,5,0
597,Ferroseed,Tesseedテッシード,Thorn Seed Pokémon,50,91,44,50,24,86,10,grass,steel,0.6,18.8,5,0
598,Ferrothorn,Nutreyナットレイ,Thorn Pod Pokémon,94,131,74,50,54,116,20,grass,steel,1,110,5,0
599,Klink,Giaruギアル,Gear Pokémon,55,70,40,,45,60,30,steel,,0.3,21,5,0
600,Klang,Gigiaruギギアル,Gear Pokémon,80,95,60,,70,85,50,steel,,0.6,51,5,0
601,Klinklang,Gigigiaruギギギアル,Gear Pokémon,100,115,60,,70,85,90,steel,,0.6,81,5,0
602,Tynamo,Shibishirasuシビシラス,EleFish Pokémon,55,40,35,50,45,40,60,electric,,0.2,0.3,5,0
603,Eelektrik,Shibibeelシビビール,EleFish Pokémon,85,70,65,50,75,70,40,electric,,1.2,22,5,0
604,Eelektross,Shibirudonシビルドン,EleFish Pokémon,115,80,85,50,105,80,50,electric,,2.1,80.5,5,0
605,Elgyem,Ligrayリグレー,Cerebral Pokémon,55,55,55,50,85,55,30,psychic,,0.5,9,5,0
606,Beheeyem,Ohbemオーベム,Cerebral Pokémon,75,75,75,50,125,95,40,psychic,,1,34.5,5,0
607,Litwick,Hitomoshiヒトモシ,Candle Pokémon,30,55,50,50,65,55,20,ghost,fire,0.3,3.1,5,0
608,Lampent,Lamplerランプラー,Lamp Pokémon,40,60,60,50,95,60,55,ghost,fire,0.6,13,5,0
609,Chandelure,Chandelaシャンデラ,Luring Pokémon,55,90,60,50,145,90,80,ghost,fire,1,34.3,5,0
610,Axew,Kibagoキバゴ,Tusk Pokémon,87,60,46,50,30,40,57,dragon,,0.6,18,5,0
611,Fraxure,Onondoオノンド,Axe Jaw Pokémon,117,70,66,50,40,50,67,dragon,,1,36,5,0
612,Haxorus,Ononokusオノノクス,Axe Jaw Pokémon,147,90,76,50,60,70,97,dragon,,1.8,105.5,5,0
613,Cubchoo,Kumasyunクマシュン,Chill Pokémon,70,40,55,50,60,40,40,ice,,0.5,8.5,5,0
614,Beartic,Tunbearツンベアー,Freezing Pokémon,130,80,95,50,70,80,50,ice,,2.6,260,5,0
615,Cryogonal,Freegeoフリージオ,Crystallizing Pokémon,50,50,80,,95,135,105,ice,,1.1,148,5,0
616,Shelmet,Chobomakiチョボマキ,Snail Pokémon,40,85,50,50,40,65,25,bug,,0.4,7.7,5,0
617,Accelgor,Agilderアギルダー,Shell Out Pokémon,70,40,80,50,100,60,145,bug,,0.8,25.3,5,0
618,Stunfisk,Maggyoマッギョ,Trap Pokémon,66,84,109,50,81,99,32,ground,electric,0.7,11,5,0
619,Mienfoo,Kojofuコジョフー,Martial Arts Pokémon,85,50,45,50,55,50,65,fighting,,0.9,20,5,0
620,Mienshao,Kojondoコジョンド,Martial Arts Pokémon,125,60,65,50,95,60,105,fighting,,1.4,35.5,5,0
621,Druddigon,Crimganクリムガン,Cave Pokémon,120,90,77,50,60,90,48,dragon,,1.6,139,5,0
622,Golett,Gobitゴビット,Automaton Pokémon,74,50,59,,35,50,35,ground,ghost,1,92,5,0
623,Golurk,Goloogゴルーグ,Automaton Pokémon,124,80,89,,55,80,55,ground,ghost,2.8,330,5,0
624,Pawniard,Komatanaコマタナ,Sharp Blade Pokémon,85,70,45,50,40,40,60,dark,steel,0.5,10.2,5,0
625,Bisharp,Kirikizanキリキザン,Sword Blade Pokémon,125,100,65,50,60,70,70,dark,steel,1.6,70,5,0
626,Bouffalant,Buffronバッフロン,Bash Buffalo Pokémon,110,95,95,50,40,95,55,normal,,1.6,94.6,5,0
627,Rufflet,Washibonワシボン,Eaglet Pokémon,83,50,70,100,37,50,60,normal,flying,0.5,10.5,5,0
628,Braviary,Warrgleウォーグル,Valiant Pokémon,123,75,100,100,57,75,80,normal,flying,1.5,41,5,0
629,Vullaby,Valchaiバルチャイ,Diapered Pokémon,55,75,70,0,45,65,60,dark,flying,0.5,9,5,0
630,Mandibuzz,Vulginaバルジーナ,Bone Vulture Pokémon,65,105,110,0,55,95,80,dark,flying,1.2,39.5,5,0
631,Heatmor,Kuitaranクイタラン,Anteater Pokémon,97,66,85,50,105,66,65,fire,,1.4,58,5,0
632,Durant,Aiantアイアント,Iron Ant Pokémon,109,112,58,50,48,48,109,bug,steel,0.3,33,5,0
633,Deino,Monozuモノズ,Irate Pokémon,65,50,52,50,45,50,38,dark,dragon,0.8,17.3,5,0
634,Zweilous,Diheadジヘッド,Hostile Pokémon,85,70,72,50,65,70,58,dark,dragon,1.4,50,5,0
635,Hydreigon,Sazandoraサザンドラ,Brutal Pokémon,105,90,92,50,125,90,98,dark,dragon,1.8,160,5,0
636,Larvesta,Merlarvaメラルバ,Torch Pokémon,85,55,55,50,50,55,60,bug,fire,1.1,28.8,5,0
637,Volcarona,Ulgamothウルガモス,Sun Pokémon,60,65,85,50,135,105,100,bug,fire,1.6,46,5,0
638,Cobalion,Cobalonコバルオン,Iron Will Pokémon,90,129,91,,90,72,108,steel,fighting,2.1,250,5,1
639,Terrakion,Terrakionテラキオン,Cavern Pokémon,129,90,91,,72,90,108,rock,fighting,1.9,260,5,1
640,Virizion,Virizionビリジオン,Grassland Pokémon,90,72,91,,90,129,108,grass,fighting,2,200,5,1
641,Tornadus,Tornelos (keshin Forme)トルネロス,Cyclone Pokémon,100,80,79,100,110,90,121,flying,,1.5,63,5,1
642,Thundurus,Voltolos (keshin Forme)ボルトロス,Bolt Strike Pokémon,105,70,79,100,145,80,101,electric,flying,1.5,61,5,1
643,Reshiram,Reshiramレシラム,Vast White Pokémon,120,100,100,,150,120,90,dragon,fire,3.2,330,5,1
644,Zekrom,Zekromゼクロム,Deep Black Pokémon,150,120,100,,120,100,90,dragon,electric,2.9,345,5,1
645,Landorus,Landlos (keshin Forme)ランドロス,Abundance Pokémon,145,90,89,100,105,80,91,ground,flying,1.5,68,5,1
646,Kyurem,Kyuremキュレム,Boundary Pokémon,120,90,125,,170,100,95,dragon,ice,3,325,5,1
647,Keldeo,Keldeo (itsumo No Sugata)ケルディオ,Colt Pokémon,72,90,91,,129,90,108,water,fighting,1.4,48.5,5,1
648,Meloetta,Meloetta (step Forme)メロエッタ,Melody Pokémon,128,90,100,,77,77,128,normal,psychic,0.6,6.5,5,1
649,Genesect,Genesectゲノセクト,Paleozoic Pokémon,120,95,71,,120,95,99,bug,steel,1.5,82.5,5,1
650,Chespin,Harimaronハリマロン,Spiky Nut Pokémon,61,65,56,88.1,48,45,38,grass,,0.4,9,6,0
651,Quilladin,Hariborgハリボーグ,Spiny Armor Pokémon,78,95,61,88.1,56,58,57,grass,,0.7,29,6,0
652,Chesnaught,Brigarronブリガロン,Spiny Armor Pokémon,107,122,88,88.1,74,75,64,grass,fighting,1.6,90,6,0
653,Fennekin,Fokkoフォッコ,Fox Pokémon,45,40,40,88.1,62,60,60,fire,,0.4,9.4,6,0
654,Braixen,Tairenarテールナー,Fox Pokémon,59,58,59,88.1,90,70,73,fire,,1,14.5,6,0
655,Delphox,Mahoxyマフォクシー,Fox Pokémon,69,72,75,88.1,114,100,104,fire,psychic,1.5,39,6,0
656,Froakie,Keromatsuケロマツ,Bubble Frog Pokémon,56,40,41,88.1,62,44,71,water,,0.3,7,6,0
657,Frogadier,Gekogashiraゲコガシラ,Bubble Frog Pokémon,63,52,54,88.1,83,56,97,water,,0.6,10.9,6,0
658,Greninja,Gekkougaゲッコウガ,Ninja Pokémon,145,67,72,88.1,153,71,132,water,dark,1.5,40,6,0
659,Bunnelby,Horubeeホルビー,Digging Pokémon,36,38,38,50,32,36,57,normal,,0.4,5,6,0
660,Diggersby,Horudoホルード,Digging Pokémon,56,77,85,50,50,77,78,normal,ground,1,42.4,6,0
661,Fletchling,Yayakomaヤヤコマ,Tiny Robin Pokémon,50,43,45,50,40,38,62,normal,flying,0.3,1.7,6,0
662,Fletchinder,Hinoyakomaヒノヤコマ,Ember Pokémon,73,55,62,50,56,52,84,fire,flying,0.7,16,6,0
663,Talonflame,Fiarrowファイアロー,Scorching Pokémon,81,71,78,50,74,69,126,fire,flying,1.2,24.5,6,0
664,Scatterbug,Kofukimushiコフキムシ,Scatterdust Pokémon,35,40,38,50,27,25,35,bug,,0.3,2.5,6,0
665,Spewpa,Kofuuraiコフーライ,Scatterdust Pokémon,22,60,45,50,27,30,29,bug,,0.3,8.4,6,0
666,Vivillon,Viviyonビビヨン,Scale Pokémon,52,50,80,50,90,50,89,bug,flying,1.2,17,6,0
667,Litleo,Shishikoシシコ,Lion Cub Pokémon,50,58,62,11.2,73,54,72,fire,normal,0.6,13.5,6,0
668,Pyroar,Kaenjishiカエンジシ,Royal Pokémon,68,72,86,11.2,109,66,106,fire,normal,1.5,81.5,6,0
669,Flabébé,Flabebeフラベベ,Single Bloom Pokémon,38,39,44,0,61,79,42,fairy,,0.1,0.1,6,0
670,Floette,Floetteフラエッテ,Fairy Pokémon,65,67,74,0,125,128,92,fairy,,0.2,0.9,6,0
671,Florges,Florgesフラージェス,Garden Pokémon,65,68,78,0,112,154,75,fairy,,1.1,10,6,0
672,Skiddo,Meecleメェークル,Mount Pokémon,65,48,66,50,62,57,52,grass,,0.9,31,6,0
673,Gogoat,Gogoatゴーゴート,Mount Pokémon,100,62,123,50,97,81,68,grass,,1.7,91,6,0
674,Pancham,Yanchamヤンチャム,Playful Pokémon,82,62,67,50,46,48,43,fighting,,0.6,8,6,0
675,Pangoro,Gorondaゴロンダ,Daunting Pokémon,124,78,95,50,69,71,58,fighting,dark,2.1,136,6,0
676,Furfrou,Trimmienトリミアン,Poodle Pokémon,80,60,75,50,65,90,102,normal,,1.2,28,6,0
677,Espurr,Nyasperニャスパー,Restraint Pokémon,48,54,62,50,63,60,68,psychic,,0.3,3.5,6,0
678,Meowstic,Nyaonixニャオニクス,Constraint Pokémon,48,76,74,50,83,81,104,psychic,,0.6,8.5,6,0
679,Honedge,Hitotsukiヒトツキ,Sword Pokémon,80,100,45,50,35,37,28,steel,ghost,0.8,2,6,0
680,Doublade,Nidangillニダンギル,Sword Pokémon,110,150,59,50,45,49,35,steel,ghost,0.8,4.5,6,0
681,Aegislash,Gillgardギルガルド,Royal Sword Pokémon,150,50,60,50,150,50,60,steel,ghost,1.7,53,6,0
682,Spritzee,Shushupuシュシュプ,Perfume Pokémon,52,60,78,50,63,65,23,fairy,,0.2,0.5,6,0
683,Aromatisse,Frefuwanフレフワン,Fragrance Pokémon,72,72,101,50,99,89,29,fairy,,0.8,15.5,6,0
684,Swirlix,Peroppafuペロッパフ,Cotton Candy Pokémon,48,66,62,50,59,57,49,fairy,,0.4,3.5,6,0
685,Slurpuff,Peroreamペロリーム,Meringue Pokémon,80,86,82,50,85,75,72,fairy,,0.8,5,6,0
686,Inkay,Maaiikaマーイーカ,Revolving Pokémon,54,53,53,50,37,46,45,dark,psychic,0.4,3.5,6,0
687,Malamar,Calamaneroカラマネロ,Overturning Pokémon,92,88,86,50,68,75,73,dark,psychic,1.5,47,6,0
688,Binacle,Kameteteカメテテ,Two-Handed Pokémon,52,67,42,50,39,56,50,rock,water,0.5,31,6,0
689,Barbaracle,Gamenodesガメノデス,Collective Pokémon,105,115,72,50,54,86,68,rock,water,1.3,96,6,0
690,Skrelp,Kuzumoクズモー,Mock Kelp Pokémon,60,60,50,50,60,60,30,poison,water,0.5,7.3,6,0
691,Dragalge,Dramidoroドラミドロ,Mock Kelp Pokémon,75,90,65,50,97,123,44,poison,dragon,1.8,81.5,6,0
692,Clauncher,Udeppouウデッポウ,Water Gun Pokémon,53,62,50,50,58,63,44,water,,0.5,8.3,6,0
693,Clawitzer,Blosterブロスター,Howitzer Pokémon,73,88,71,50,120,89,59,water,,1.3,35.3,6,0
694,Helioptile,Erikiteruエリキテル,Generator Pokémon,38,33,44,50,61,43,70,electric,normal,0.5,6,6,0
695,Heliolisk,Elezardエレザード,Generator Pokémon,55,52,62,50,109,94,109,electric,normal,1,21,6,0
696,Tyrunt,Chigorasチゴラス,Royal Heir Pokémon,89,77,58,88.1,45,45,48,rock,dragon,0.8,26,6,0
697,Tyrantrum,Gachigorasガチゴラス,Despot Pokémon,121,119,82,88.1,69,59,71,rock,dragon,2.5,270,6,0
698,Amaura,Amarusアマルス,Tundra Pokémon,59,50,77,88.1,67,63,46,rock,ice,1.3,25.2,6,0
699,Aurorus,Amarurugaアマルルガ,Tundra Pokémon,77,72,123,88.1,99,92,58,rock,ice,2.7,225,6,0
700,Sylveon,Nymphiaニンフィア,Intertwining Pokémon,65,65,95,88.1,110,130,60,fairy,,1,23.5,6,0
701,Hawlucha,Luchabullルチャブル,Wrestling Pokémon,92,75,78,50,74,63,118,fighting,flying,0.8,21.5,6,0
702,Dedenne,Dedenneデデンネ,Antenna Pokémon,58,57,67,50,81,67,101,electric,fairy,0.2,2.2,6,0
703,Carbink,Melecieメレシー,Jewel Pokémon,50,150,50,,50,150,50,rock,fairy,0.3,5.7,6,0
704,Goomy,Numeraヌメラ,Soft Tissue Pokémon,50,35,45,50,55,75,40,dragon,,0.3,2.8,6,0
705,Sliggoo,Numeilヌメイル,Soft Tissue Pokémon,75,53,68,50,83,113,60,dragon,,0.8,17.5,6,0
706,Goodra,Numelgonヌメルゴン,Dragon Pokémon,100,70,90,50,110,150,80,dragon,,2,150.5,6,0
707,Klefki,Cleffyクレッフィ,Key Ring Pokémon,80,91,57,50,80,87,75,steel,fairy,0.2,3,6,0
708,Phantump,Bokureiボクレー,Stump Pokémon,70,48,43,50,50,60,38,ghost,grass,0.4,7,6,0
709,Trevenant,Ohrotオーロット,Elder Tree Pokémon,110,76,85,50,65,82,56,ghost,grass,1.5,71,6,0
710,Pumpkaboo,Bakecchaバケッチャ,Pumpkin Pokémon,66,70,59,50,44,55,41,ghost,grass,0.8,15,6,0
711,Gourgeist,Pumpjinパンプジン,Pumpkin Pokémon,100,122,85,50,58,75,54,ghost,grass,1.7,39,6,0
712,Bergmite,Kachikohruカチコール,Ice Chunk Pokémon,69,85,55,50,32,35,28,ice,,1,99.5,6,0
713,Avalugg,Crebaseクレベース,Iceberg Pokémon,117,184,95,50,44,46,28,ice,,2,505,6,0
714,Noibat,Onbatオンバット,Sound Wave Pokémon,30,35,40,50,45,40,55,flying,dragon,0.5,8,6,0
715,Noivern,Onvernオンバーン,Sound Wave Pokémon,70,80,85,50,97,80,123,flying,dragon,1.5,85,6,0
716,Xerneas,Xerneasゼルネアス,Life Pokémon,131,95,126,,131,98,99,fairy,,3,215,6,1
717,Yveltal,Yveltalイベルタル,Destruction Pokémon,131,95,126,,131,98,99,dark,flying,5.8,203,6,1
718,Zygarde,Zygarde (10% Forme)ジガルデ,Order Pokémon,100,121,216,,91,95,85,dragon,ground,5,284.6,6,1
719,Diancie,Diancieディアンシー,Jewel Pokémon,160,110,50,,160,110,110,rock,fairy,0.7,8.8,6,1
720,Hoopa,Hoopa (imashimerareshi Hoopa)フーパ,Mischief Pokémon (Confined)Djinn Pokémonn (Unbound),160,60,80,,170,130,80,psychic,ghost,,,6,1
721,Volcanion,Volcanionボルケニオン,Steam Pokémon,110,120,80,,130,90,70,fire,water,1.7,195,6,1
722,Rowlet,Mokurohモクロー,Grass Quill Pokémon,55,55,68,88.1,50,50,42,grass,flying,0.3,1.5,7,0
723,Dartrix,Fukuthrowフクスロー,Blade Quill Pokémon,75,75,78,88.1,70,70,52,grass,flying,0.7,16,7,0
724,Decidueye,Junaiperジュナイパー,Arrow Quill Pokémon,107,75,78,88.1,100,100,70,grass,ghost,1.6,36.6,7,0
725,Litten,Nyabbyニャビー,Fire Cat Pokémon,65,40,45,88.1,60,40,70,fire,,0.4,4.3,7,0
726,Torracat,Nyaheatニャヒート,Fire Cat Pokémon,85,50,65,88.1,80,50,90,fire,,0.7,25,7,0
727,Incineroar,Gaogaenガオガエン,Heel Pokémon,115,90,95,88.1,80,90,60,fire,dark,1.8,83,7,0
728,Popplio,Ashimariアシマリ,Sea Lion Pokémon,54,54,50,88.1,66,56,40,water,,0.4,7.5,7,0
729,Brionne,Osyamariオシャマリ,Pop Star Pokémon,69,69,60,88.1,91,81,50,water,,0.6,17.5,7,0
730,Primarina,Ashireneアシレーヌ,Soloist Pokémon,74,74,80,88.1,126,116,60,water,fairy,1.8,44,7,0
731,Pikipek,Tsutsukeraツツケラ,Woodpecker Pokémon,75,30,35,50,30,30,65,normal,flying,0.3,1.2,7,0
732,Trumbeak,Kerarappaケララッパ,Bugle Beak Pokémon,85,50,55,50,40,50,75,normal,flying,0.6,14.8,7,0
733,Toucannon,Dodekabashiドデカバシ,Cannon Pokémon,120,75,80,50,75,75,60,normal,flying,1.1,26,7,0
734,Yungoos,Youngooseヤングース,Loitering Pokémon,70,30,48,50,30,30,45,normal,,0.4,6,7,0
735,Gumshoos,Dekagooseデカグース,Stakeout Pokémon,110,60,88,50,55,60,45,normal,,0.7,14.2,7,0
736,Grubbin,Agojimushiアゴジムシ,Larva Pokémon,62,45,47,50,55,45,46,bug,,0.4,4.4,7,0
737,Charjabug,Dendimushiデンヂムシ,Battery Pokémon,82,95,57,50,55,75,36,bug,electric,0.5,10.5,7,0
738,Vikavolt,Kuwagannonクワガノン,Stag Beetle Pokémon,70,90,77,50,145,75,43,bug,electric,1.5,45,7,0
739,Crabrawler,Makenkaniマケンカニ,Boxing Pokémon,82,57,47,50,42,47,63,fighting,,0.6,7,7,0
740,Crabominable,Kekenkaniケケンカニ,Woolly Crab Pokémon,132,77,97,50,62,67,43,fighting,ice,1.7,180,7,0
741,Oricorio,Odoridori (pachipachi Style)オドリドリ,Dancing Pokémon,70,70,75,24.6,98,70,93,fire,flying,0.6,3.4,7,0
742,Cutiefly,Abulyアブリー,Bee Fly Pokémon,45,40,40,50,55,40,84,bug,fairy,0.1,0.2,7,0
743,Ribombee,Aburibbonアブリボン,Bee Fly Pokémon,55,60,60,50,95,70,124,bug,fairy,0.2,0.5,7,0
744,Rockruff,Iwankoイワンコ,Puppy Pokémon,65,40,45,50,30,40,60,rock,,0.5,9.2,7,0
745,Lycanroc,Lugarugan (mahiru No Sugata)ルガルガン,Wolf Pokémon,115,75,85,50,55,75,82,rock,,,,7,0
746,Wishiwashi,Yowashi (tandoku No Sugata)ヨワシ,Small Fry Pokémon,140,130,45,50,140,135,30,water,,0.2,0.3,7,0
747,Mareanie,Hidoideヒドイデ,Brutal Star Pokémon,53,62,50,50,43,52,45,poison,water,0.4,8,7,0
748,Toxapex,Dohidoideドヒドイデ,Brutal Star Pokémon,63,152,50,50,53,142,35,poison,water,0.7,14.5,7,0
749,Mudbray,Dorobankoドロバンコ,Donkey Pokémon,100,70,70,50,45,55,45,ground,,1,110,7,0
750,Mudsdale,Banbadoroバンバドロ,Draft Horse Pokémon,125,100,100,50,55,85,35,ground,,2.5,920,7,0
751,Dewpider,Shizukumoシズクモ,Water Bubble Pokémon,40,52,38,50,40,72,27,water,bug,0.3,4,7,0
752,Araquanid,Onishizukumoオニシズクモ,Water Bubble Pokémon,70,92,68,50,50,132,42,water,bug,1.8,82,7,0
753,Fomantis,Karikiriカリキリ,Sickle Grass Pokémon,55,35,40,50,50,35,35,grass,,0.3,1.5,7,0
754,Lurantis,Lalantesラランテス,Bloom Sickle Pokémon,105,90,70,50,80,90,45,grass,,0.9,18.5,7,0
755,Morelull,Nemasyuネマシュ,Illuminating Pokémon,35,55,40,50,65,75,15,grass,fairy,0.2,1.5,7,0
756,Shiinotic,Mashadeマシェード,Illuminating Pokémon,45,80,60,50,90,100,30,grass,fairy,1,11.5,7,0
757,Salandit,Yatoumoriヤトウモリ,Toxic Lizard Pokémon,44,40,48,88.1,71,40,77,poison,fire,0.6,4.8,7,0
758,Salazzle,Ennewtエンニュート,Toxic Lizard Pokémon,64,60,68,0,111,60,117,poison,fire,1.2,22.2,7,0
759,Stufful,Nuikogumaヌイコグマ,Flailing Pokémon,75,50,70,50,45,50,50,normal,fighting,0.5,6.8,7,0
760,Bewear,Kiterugumaキテルグマ,Strong Arm Pokémon,125,80,120,50,55,60,60,normal,fighting,2.1,135,7,0
761,Bounsweet,Amakajiアマカジ,Fruit Pokémon,30,38,42,0,30,38,32,grass,,0.3,3.2,7,0
762,Steenee,Amamaikoアママイコ,Fruit Pokémon,40,48,52,0,40,48,62,grass,,0.7,8.2,7,0
763,Tsareena,Amajoアマージョ,Fruit Pokémon,120,98,72,0,50,98,72,grass,,1.2,21.4,7,0
764,Comfey,Cuwawaキュワワー,Posy Picker Pokémon,52,90,51,24.6,82,110,100,fairy,,0.1,0.3,7,0
765,Oranguru,Yareyuutanヤレユータン,Sage Pokémon,60,80,90,50,90,110,60,normal,psychic,1.5,76,7,0
766,Passimian,Nagetukesaruナゲツケサル,Teamwork Pokémon,120,90,100,50,40,60,80,fighting,,2,82.8,7,0
767,Wimpod,Kosokumushiコソクムシ,Turn Tail Pokémon,35,40,25,50,20,30,80,bug,water,0.5,12,7,0
768,Golisopod,Gusokumushaグソクムシャ,Hard Scale Pokémon,125,140,75,50,60,90,40,bug,water,2,108,7,0
769,Sandygast,Sunabaスナバァ,Sand Heap Pokémon,55,80,55,50,70,45,15,ghost,ground,0.5,70,7,0
770,Palossand,Sirodethnaシロデスナ,Sand Castle Pokémon,75,110,85,50,100,75,35,ghost,ground,1.3,250,7,0
771,Pyukumuku,Namakobushiナマコブシ,Sea Cucumber Pokémon,60,130,55,50,30,130,5,water,,0.3,1.2,7,0
772,Type: Null,Type: Nullタイプ：ヌル,Synthetic Pokémon,95,95,95,,95,95,59,normal,,1.9,120.5,7,0
773,Silvally,Silvadyシルヴァディ,Synthetic Pokémon,95,95,95,,95,95,95,normal,,2.3,100.5,7,0
774,Minior,Metenoメテノ,Meteor Pokémon,100,60,60,,100,60,120,rock,flying,0.3,40,7,0
775,Komala,Nekkoaraネッコアラ,Drowsing Pokémon,115,65,65,50,75,95,65,normal,,0.4,19.9,7,0
776,Turtonator,Bakugamesバクガメス,Blast Turtle Pokémon,78,135,60,50,91,85,36,fire,dragon,2,212,7,0
777,Togedemaru,Togedemaruトゲデマル,Roly-Poly Pokémon,98,63,65,50,40,73,96,electric,steel,0.3,3.3,7,0
778,Mimikyu,Mimikkyuミミッキュ,Disguise Pokémon,90,80,55,50,50,105,96,ghost,fairy,0.2,0.7,7,0
779,Bruxish,Hagigishiriハギギシリ,Gnash Teeth Pokémon,105,70,68,50,70,70,92,water,psychic,0.9,19,7,0
780,Drampa,Jijilongジジーロン,Placid Pokémon,60,85,78,50,135,91,36,normal,dragon,3,185,7,0
781,Dhelmise,Dadarinダダリン,Sea Creeper Pokémon,131,100,70,,86,90,40,ghost,grass,3.9,210,7,0
782,Jangmo-o,Jyarakoジャラコ,Scaly Pokémon,55,65,45,50,45,45,45,dragon,,0.6,29.7,7,0
783,Hakamo-o,Jyarangoジャランゴ,Scaly Pokémon,75,90,55,50,65,70,65,dragon,fighting,1.2,47,7,0
784,Kommo-o,Jyararangaジャラランガ,Scaly Pokémon,110,125,75,50,100,105,85,dragon,fighting,1.6,78.2,7,0
785,Tapu Koko,Kapu-kokekoカプ・コケコ,Land Spirit Pokémon,115,85,70,,95,75,130,electric,fairy,1.8,20.5,7,1
786,Tapu Lele,Kapu-tetefuカプ・テテフ,Land Spirit Pokémon,85,75,70,,130,115,95,psychic,fairy,1.2,18.6,7,1
787,Tapu Bulu,Kapu-bululカプ・ブルル,Land Spirit Pokémon,130,115,70,,85,95,75,grass,fairy,1.9,45.5,7,1
788,Tapu Fini,Kapu-rehireカプ・レヒレ,Land Spirit Pokémon,75,115,70,,95,130,85,water,fairy,1.3,21.2,7,1
789,Cosmog,Cosmogコスモッグ,Nebula Pokémon,29,31,43,,29,31,37,psychic,,0.2,0.1,7,1
790,Cosmoem,Cosmovumコスモウム,Protostar Pokémon,29,131,43,,29,131,37,psychic,,0.1,999.9,7,1
791,Solgaleo,Solgaleoソルガレオ,Sunne Pokémon,137,107,137,,113,89,97,psychic,steel,3.4,230,7,1
792,Lunala,Lunalaルナアーラ,Moone Pokémon,113,89,137,,137,107,97,psychic,ghost,4,120,7,1
793,Nihilego,Uturoidウツロイド,Parasite Pokémon,53,47,109,,127,131,103,rock,poison,1.2,55.5,7,1
794,Buzzwole,Massivoonマッシブーン,Swollen Pokémon,139,139,107,,53,53,79,bug,fighting,2.4,333.6,7,1
795,Pheromosa,Pheroacheフェローチェ,Lissome Pokémon,137,37,71,,137,37,151,bug,fighting,1.8,25,7,1
796,Xurkitree,Denjyumokuデンジュモク,Glowing Pokémon,89,71,83,,173,71,83,electric,,3.8,100,7,1
797,Celesteela,Tekkaguyaテッカグヤ,Launch Pokémon,101,103,97,,107,101,61,steel,flying,9.2,999.9,7,1
798,Kartana,Kamiturugiカミツルギ,Drawn Sword Pokémon,181,131,59,,59,31,109,grass,steel,0.3,0.1,7,1
799,Guzzlord,Akuzikingアクジキング,Junkivore Pokémon,101,53,223,,97,53,43,dark,dragon,5.5,888,7,1
800,Necrozma,Necrozmaネクロズマ,Prism Pokémon,107,101,97,,127,89,79,psychic,,2.4,230,7,1
801,Magearna,Magearnaマギアナ,Artificial Pokémon,95,115,80,,130,115,65,steel,fairy,1,80.5,7,1
